Movie ,Year ,IMDb ,Rating,Runtime,Genre,Release Date,Production Budget,Domestic Gross,Worldwide Gross
Avengers: Endgame,2019,8.4,PG-13,181,"Action, Adventure, Drama","Apr 23, 2019",400000000,858373000,2797800564
Avatar,2009,7.8,PG-13,162,"Action, Adventure, Fantasy","Dec 17, 2009",237000000,760507625,2788701337
Black Panther,2018,7.3,PG-13,134,"Action, Adventure, Sci-Fi","Feb 13, 2018",200000000,700059566,1346103376
Avengers: Infinity War,2018,8.4,PG-13,149,"Action, Adventure, Sci-Fi","Apr 25, 2018",300000000,678815482,2048359754
Titanic,1997,7.8,PG-13,194,"Drama, Romance","Dec 18, 1997",200000000,659363944,2208208395
Frozen 4,1995,6.7,PG,128,"Animation, Comedy, Family","Nov 24, 2014",323624927,229229779,1578093217
Frozen 3,2017,7.4,PG,170,"Action, Adventure, Drama","May 25, 2006",236423263,417972244,2207301813
Frozen 2,2024,8.1,PG-13,167,"Action, Adventure, Drama","Nov 30, 2017",63258730,589680391,1766104017
Frozen 3,2004,6.4,PG,190,"Action, Adventure, Fantasy","Mar 18, 2019",126255216,433426064,1490637647
Avatar 2,1995,8.7,PG-13,91,"Drama, Romance","Jan 31, 2016",105080033,602645774,1850453108
Titanic 1,2016,6.4,PG-13,165,"Animation, Comedy, Family","Dec 03, 2024",359491380,55311134,1715628148
Avengers 1,2001,6.8,PG-13,157,"Drama, Romance","Jan 30, 2005",122944661,312594580,1695648272
Avengers 1,2019,6,PG,192,"Animation, Comedy, Family","Dec 30, 2020",227307794,810225395,1190784240
Toy Story 2,2005,7.6,PG-13,171,"Drama, Romance","Aug 17, 2003",32616271,300985631,426550403
Toy Story 2,2012,6.8,R,118,"Drama, Romance","Jun 08, 2023",90573915,354151422,1511719652
Interstellar 4,2023,7.4,PG,139,"Action, Adventure, Drama","Jul 29, 2014",193054444,598974159,2314095096
Titanic 3,2014,8,PG-13,179,"Sci-Fi, Thriller","Sep 30, 2016",66439837,460640050,1631536186
Avatar 1,2000,6,PG,94,"Sci-Fi, Thriller","Mar 21, 2013",156351256,696089883,796531104
Toy Story 4,2005,7,PG-13,95,"Action, Adventure, Drama","Jun 13, 2013",124103184,626875412,1346452542
Toy Story 4,1998,8,PG,115,"Action, Adventure, Fantasy","Nov 19, 2010",334160907,727302819,1402792204
Interstellar 3,2021,8,PG-13,132,"Action, Adventure, Drama","Jan 12, 1999",79572859,122921020,1275876015
Avengers 1,2012,8.2,PG-13,106,"Action, Adventure, Drama","Jan 07, 2008",395086328,270821141,1506496649
Joker 3,2002,8,PG-13,120,"Drama, Romance","Sep 11, 2015",189473896,552737857,966878545
The Dark Knight 3,2010,7.5,R,178,"Drama, Romance","Dec 05, 2016",266674770,581980041,1624530542
Toy Story 1,2006,6.9,PG,152,"Animation, Comedy, Family","Feb 14, 1996",209310912,145638616,226369349
Joker 3,1999,6.3,R,180,"Animation, Comedy, Family","Feb 11, 2009",230524306,646522848,1237470892
Interstellar 4,2011,8.3,PG-13,130,"Animation, Comedy, Family","Oct 21, 2009",14432646,872963362,2212639313
Joker 3,2012,7.5,PG-13,123,"Sci-Fi, Thriller","Aug 22, 2016",390273752,531306471,1772437381
Interstellar 4,2008,8.7,R,190,"Action, Adventure, Drama","Apr 09, 2010",55131167,413858951,855634003
Inception 3,2009,7.6,R,198,"Sci-Fi, Thriller","Feb 01, 2012",280055387,170336541,1702691557
Avatar 1,1995,8.3,PG,165,"Sci-Fi, Thriller","Jan 01, 2027",316546728,448796703,663967770
Avengers 3,2021,7.3,PG,187,"Sci-Fi, Thriller","Jul 29, 1997",129438710,683201946,1523419116
Black Panther 1,2009,6.6,PG,97,"Animation, Comedy, Family","Aug 19, 2009",107841969,687886585,2137501046
Toy Story 4,1995,6.4,R,104,"Drama, Romance","Sep 30, 2000",211432724,752457212,2673926884
Avengers 4,2011,8.2,R,84,"Animation, Comedy, Family","May 20, 2020",393593109,70837119,1824161951
Black Panther 2,1999,7.1,PG,132,"Animation, Comedy, Family","Jun 14, 2016",11767058,714993458,849823558
Joker 2,2018,7.3,R,113,"Sci-Fi, Thriller","Jun 17, 1999",392258579,387458730,432256817
Titanic 3,2002,8,PG-13,136,"Sci-Fi, Thriller","Dec 14, 2000",253813608,722817160,1414992629
Frozen 4,2004,6.5,R,82,"Drama, Romance","May 15, 2018",237335966,506341866,1954749129
Avatar 4,2021,6.5,PG-13,99,"Animation, Comedy, Family","May 21, 1998",321559510,565522703,1473887443
Toy Story 1,2002,7.7,R,167,"Drama, Romance","Jan 26, 1997",66861037,311515800,1480082735
The Dark Knight 2,2018,8.2,PG,87,"Animation, Comedy, Family","Jan 01, 1995",347138969,159494738,1768493601
Titanic 2,2017,7.6,PG,165,"Sci-Fi, Thriller","Apr 19, 2016",314607847,351842505,1659156004
Titanic 1,2020,6.4,R,134,"Action, Adventure, Fantasy","Apr 08, 2003",214914734,500518434,669863356
Interstellar 3,2013,7.9,R,163,"Animation, Comedy, Family","Jul 10, 1997",16644728,207929591,2121934491
Toy Story 4,1998,8.4,R,151,"Drama, Romance","Jan 21, 1999",22463248,216690716,1933449378
Black Panther 2,1996,6.5,PG,182,"Drama, Romance","Apr 04, 2021",80364713,441506456,2336526137
Avatar 1,2004,7.6,PG,137,"Action, Adventure, Fantasy","Feb 21, 1996",129400313,228978282,1983984334
Avatar 1,2003,8.3,R,91,"Animation, Comedy, Family","Nov 29, 2022",144460721,185288480,1402603316
Avengers 3,2006,8.3,PG-13,107,"Action, Adventure, Drama","Oct 26, 2025",263201827,605894795,975218562
Interstellar 3,2008,8.1,R,177,"Drama, Romance","Jul 29, 1996",160928725,108551458,893058415
Black Panther 1,2004,6.7,PG-13,94,"Action, Adventure, Fantasy","Aug 19, 2019",224192342,592479997,1752534423
Toy Story 4,2004,6.7,R,129,"Action, Adventure, Drama","Mar 24, 2021",313461182,193340720,1784828438
Avengers 3,1998,6.5,R,188,"Drama, Romance","May 26, 2014",256926478,135031353,718918447
Toy Story 4,2013,6.3,R,113,"Action, Adventure, Fantasy","Feb 28, 2003",163500704,817375884,2164318711
Avatar 4,2000,6.9,PG-13,185,"Action, Adventure, Fantasy","Jul 11, 2000",243101299,796962967,1115068072
Interstellar 2,2019,8.7,PG-13,138,"Animation, Comedy, Family","Sep 03, 2011",19485475,712518911,1055050027
Interstellar 3,2013,8,PG-13,103,"Action, Adventure, Fantasy","Oct 13, 2011",348428976,223545895,1160437430
Joker 1,2005,8.1,R,169,"Animation, Comedy, Family","Feb 04, 2005",199350644,410274903,542793520
The Dark Knight 2,2005,6.2,PG-13,102,"Action, Adventure, Drama","Jan 17, 1997",336072827,639012846,1285908101
Joker 4,2017,6.4,R,162,"Sci-Fi, Thriller","Sep 04, 2025",125362103,298844572,404866243
Inception 2,2019,7.7,R,150,"Sci-Fi, Thriller","Aug 06, 2016",205289593,661255538,2410480086
Joker 1,2010,6.7,R,132,"Drama, Romance","Jan 28, 2027",84823735,508609982,2030418166
Interstellar 1,2003,7.5,R,124,"Action, Adventure, Fantasy","Jul 27, 2014",90157892,646417794,2514106445
Joker 2,2024,8.1,PG-13,146,"Action, Adventure, Drama","Aug 27, 2023",148500552,707798811,1448036875
Avatar 3,2000,6.4,PG-13,122,"Action, Adventure, Drama","Nov 09, 1998",160922458,96955390,735214251
Avatar 3,2003,8.8,R,141,"Action, Adventure, Drama","Dec 24, 2005",49304329,219066192,1528602640
Black Panther 4,2007,6.2,PG,89,"Action, Adventure, Fantasy","Jul 21, 1997",238305384,869616075,2213464374
Avatar 2,2017,8,PG,128,"Drama, Romance","Jul 14, 2009",31978583,822028521,1667317220
Frozen 4,2009,7.5,PG-13,80,"Drama, Romance","May 04, 2025",272836700,860140314,2424172209
Joker 3,1997,7.5,PG-13,96,"Drama, Romance","Nov 28, 2002",265439773,183438414,1047086425
Avatar 4,2021,7.8,PG-13,167,"Animation, Comedy, Family","Nov 16, 2023",223410772,837952126,1526978810
Avatar 4,2013,7.8,R,148,"Sci-Fi, Thriller","Feb 14, 2025",16968294,466491624,1906137978
Frozen 3,2004,7.3,PG,116,"Animation, Comedy, Family","Sep 17, 2023",283885046,326564080,1155484247
Joker 2,2022,8.6,PG,96,"Action, Adventure, Drama","Aug 07, 2001",333859186,210940720,876041524
The Dark Knight 2,2022,7.5,PG-13,170,"Drama, Romance","Apr 03, 1999",224163493,837574216,1044212276
Toy Story 1,2021,7.1,R,170,"Animation, Comedy, Family","Nov 01, 2011",243606895,437088518,1767297473
Joker 4,2002,6.3,PG,135,"Action, Adventure, Drama","Feb 13, 1997",19664611,227719241,641830223
Inception 2,2020,8.7,R,173,"Drama, Romance","Oct 20, 2002",271660311,784796705,1321238041
Inception 4,2022,7.1,R,146,"Drama, Romance","Sep 10, 1995",61003814,507635190,661475590
Avatar 4,2020,8.6,PG-13,126,"Animation, Comedy, Family","Sep 28, 2013",272135372,57675101,659808912
Titanic 3,2013,8.4,R,102,"Drama, Romance","Oct 06, 2014",153671262,575566633,2460655791
Toy Story 2,2024,6.9,PG,124,"Action, Adventure, Fantasy","Jun 25, 2009",335779693,402122418,1504411003
Interstellar 3,2001,8.8,PG,171,"Animation, Comedy, Family","Jun 11, 1999",292121033,589008661,2056637535
Frozen 3,2000,8.6,PG-13,158,"Animation, Comedy, Family","Jan 24, 2015",263629609,165417175,899198431
Black Panther 3,2013,7.8,R,192,"Action, Adventure, Drama","Sep 25, 2008",78387141,580520099,1415138162
Interstellar 4,2007,7.7,R,121,"Action, Adventure, Fantasy","Apr 15, 2023",80508888,145110528,867649901
The Dark Knight 4,2004,8.1,PG,125,"Action, Adventure, Fantasy","Jan 18, 1999",312652613,530652943,1324978748
Toy Story 2,2008,7.3,R,179,"Sci-Fi, Thriller","Jun 01, 2007",224474840,746298708,1940681406
The Dark Knight 1,1996,8.8,PG-13,184,"Sci-Fi, Thriller","Mar 27, 2008",355847501,61777906,1991940282
Frozen 4,2014,6.5,PG-13,170,"Animation, Comedy, Family","Dec 17, 2008",60807051,840759382,954330374
Avengers 2,2007,6,R,87,"Drama, Romance","Dec 14, 2005",389624116,694085081,2489952123
Titanic 1,2001,9,PG,131,"Animation, Comedy, Family","Jun 10, 2014",258912919,863596005,1509801029
Interstellar 4,2009,7.7,R,180,"Action, Adventure, Drama","Jan 15, 2006",92531204,178523672,1380952819
Interstellar 1,1998,8,PG-13,154,"Drama, Romance","Feb 23, 2023",165404179,359093244,780551823
Toy Story 1,2024,8.3,R,188,"Action, Adventure, Fantasy","Dec 10, 2024",377090442,72621129,765194874
Joker 4,1997,8.7,R,185,"Drama, Romance","Nov 06, 2020",287557204,266887064,327089261
Joker 3,2008,8.8,PG-13,147,"Sci-Fi, Thriller","Feb 16, 1997",81186696,184453332,364041014
Toy Story 4,2020,8.1,PG,150,"Action, Adventure, Fantasy","Mar 29, 2012",391779160,341666596,1112838105
Interstellar 1,2005,6.4,PG-13,161,"Animation, Comedy, Family","Oct 02, 2012",321558671,543787920,594482208
Interstellar 4,2017,7.6,R,140,"Action, Adventure, Drama","Mar 01, 2005",385267984,565266219,2055581859
Frozen 1,2000,6.5,PG,188,"Action, Adventure, Fantasy","Oct 13, 2027",251376726,846872968,1664805809
The Dark Knight 1,2020,8.3,PG,88,"Animation, Comedy, Family","Apr 28, 2004",378595048,418708953,1566791248
Avatar 1,2007,8.1,PG-13,168,"Drama, Romance","May 22, 2017",378559981,649950555,1097485691
Toy Story 1,2018,6.7,PG,81,"Sci-Fi, Thriller","Nov 02, 2020",205029068,745310629,1684947573
Joker 3,2006,8.1,R,184,"Drama, Romance","Mar 10, 2020",150391844,846024528,2777053935
Frozen 1,2020,7.8,PG,94,"Sci-Fi, Thriller","Jun 19, 2007",74850158,744866697,1965356208
Titanic 3,1999,8,PG-13,103,"Animation, Comedy, Family","Dec 08, 2014",371881828,191502170,1765919519
Interstellar 1,2003,7.6,R,139,"Action, Adventure, Drama","Jun 09, 2008",370021717,368078172,2198927480
Avengers 2,2016,7.6,PG,118,"Animation, Comedy, Family","Jan 26, 2020",42819889,182467393,1359210856
Joker 2,2014,8.3,PG-13,141,"Action, Adventure, Fantasy","Jun 07, 2020",303977455,69895050,100411190
Avengers 3,1998,6.1,PG-13,162,"Action, Adventure, Drama","May 21, 2005",377365336,75862311,2072149780
Frozen 4,2002,8.5,PG-13,117,"Action, Adventure, Drama","Oct 27, 2013",131588214,56329011,864197281
Toy Story 3,2015,6.5,PG-13,143,"Animation, Comedy, Family","Feb 03, 2008",209033049,269181502,1797047286
Interstellar 3,2012,7.8,PG-13,116,"Animation, Comedy, Family","May 16, 2002",47183082,126188831,1473381927
Inception 1,2006,8.4,PG,104,"Sci-Fi, Thriller","Mar 29, 2012",188227995,307751931,1967317039
Avengers 2,2013,7.7,PG-13,145,"Action, Adventure, Drama","May 25, 1996",231306557,778208717,826553729
Interstellar 1,2008,8.8,PG,101,"Drama, Romance","Mar 01, 2010",47725546,279473506,1861632628
Titanic 3,1996,8.3,R,145,"Animation, Comedy, Family","Jan 30, 2025",22002306,405759762,1845478797
Joker 4,2014,8.5,PG-13,146,"Drama, Romance","Aug 29, 2018",291067060,373304299,1152445960
Toy Story 1,2011,8.4,PG-13,101,"Animation, Comedy, Family","Jul 18, 2027",276047192,802188251,2661438957
Titanic 1,2010,7.7,R,135,"Sci-Fi, Thriller","Sep 06, 2012",248211439,723218612,2202393485
Toy Story 3,2001,7.5,R,172,"Sci-Fi, Thriller","May 05, 2001",250208180,91005761,364851090
Avatar 2,2003,7,PG-13,120,"Action, Adventure, Drama","Oct 19, 1997",124410590,498437082,1748207289
Black Panther 4,2009,7.6,PG,149,"Sci-Fi, Thriller","Sep 10, 2021",200367611,220830306,472330824
Avengers 2,1999,7.5,R,92,"Sci-Fi, Thriller","Jul 13, 1998",207325487,749957516,1312444916
Black Panther 3,1998,7.3,PG,101,"Sci-Fi, Thriller","Mar 28, 2002",197379598,481354959,2007079546
Black Panther 4,2008,8.6,R,97,"Action, Adventure, Fantasy","Apr 03, 2023",359013112,224441498,1058352350
Avatar 4,1995,7.7,R,101,"Drama, Romance","Feb 26, 2013",248158489,99482136,276920466
Interstellar 3,2014,8.2,PG-13,97,"Action, Adventure, Fantasy","Mar 13, 2019",324047593,678286449,1203632229
Avatar 3,2021,8.6,PG,103,"Animation, Comedy, Family","Sep 10, 2026",261002957,423562637,514356768
Joker 2,2006,9,PG,120,"Animation, Comedy, Family","Jan 28, 2010",83099489,785863292,1465019091
Inception 1,2023,7,R,186,"Action, Adventure, Drama","Mar 23, 1999",10912367,809618402,1214898036
Avengers 1,2003,8.9,R,97,"Sci-Fi, Thriller","May 31, 2026",187626184,869256943,1605277060
Inception 2,2020,7.7,R,194,"Animation, Comedy, Family","Jun 16, 2004",371918141,547802730,1133586314
Black Panther 4,2002,6.8,R,93,"Action, Adventure, Drama","Nov 14, 2009",297552857,239599537,368084400
Avatar 3,2004,7.3,PG,198,"Action, Adventure, Fantasy","Sep 02, 1997",300253067,385922857,2120825186
Joker 4,2013,6.4,PG,108,"Animation, Comedy, Family","Nov 17, 2019",315333709,287755777,2258209272
Black Panther 1,2015,8.9,PG,124,"Sci-Fi, Thriller","Jun 03, 2024",152082924,214055080,392089364
Interstellar 3,2012,6.1,PG-13,134,"Action, Adventure, Drama","Mar 08, 2022",373690551,797932443,960610487
Toy Story 1,1997,7.6,PG-13,198,"Action, Adventure, Drama","Dec 15, 2009",31131140,117376799,746695014
Avatar 1,2002,6.7,PG-13,112,"Action, Adventure, Drama","May 14, 2011",299652835,667390309,1867219868
Inception 4,2006,7,PG-13,161,"Action, Adventure, Fantasy","May 11, 2012",368002307,298761063,332732961
Avengers 4,2019,7.4,R,121,"Action, Adventure, Fantasy","Mar 13, 2014",19146722,862421657,1215260558
Frozen 4,2011,8.4,R,193,"Animation, Comedy, Family","Feb 07, 2018",210015973,218579665,710039054
Frozen 2,2014,7.7,PG-13,147,"Animation, Comedy, Family","May 14, 2007",322205917,753572626,1546359800
Avatar 1,2005,7.5,PG-13,169,"Action, Adventure, Drama","Jun 20, 2005",186556230,703425145,1994768246
Interstellar 1,2021,7.5,R,87,"Animation, Comedy, Family","Jan 08, 2001",170411804,65430570,1239759200
Interstellar 3,2008,7.5,PG,154,"Sci-Fi, Thriller","Oct 01, 2000",22566959,853684242,1484039120
Black Panther 2,2003,8.4,R,138,"Sci-Fi, Thriller","Apr 21, 2025",191914120,224307548,1927106469
Frozen 4,2005,6.4,R,182,"Action, Adventure, Fantasy","Oct 25, 2014",12851392,733329634,2102890978
The Dark Knight 3,2014,6.9,PG,182,"Sci-Fi, Thriller","Nov 21, 2025",392397026,149595004,1796713054
Inception 1,2024,7.6,PG-13,169,"Action, Adventure, Drama","Oct 02, 1997",11890671,573631288,719176285
Avatar 3,1996,7.3,PG-13,182,"Action, Adventure, Fantasy","May 13, 2023",72846096,511778931,927086096
Toy Story 2,2000,6.8,R,119,"Action, Adventure, Fantasy","May 10, 2017",37783626,288590761,1790551645
The Dark Knight 1,2005,6.4,PG,185,"Action, Adventure, Fantasy","Jun 21, 2007",174428779,85550385,1339190843
Avengers 1,2024,6.1,PG,84,"Action, Adventure, Drama","Jan 02, 2010",290427345,89776137,1491352885
Frozen 2,1995,8,PG,126,"Action, Adventure, Fantasy","Nov 05, 2026",247691802,457007087,1169783837
Interstellar 2,2013,7.1,R,148,"Sci-Fi, Thriller","Sep 23, 2020",316762233,895789890,2218819458
Titanic 1,2024,7.1,PG-13,102,"Action, Adventure, Fantasy","Jun 08, 2002",64558190,376076035,648368017
Black Panther 1,2006,8.6,R,160,"Sci-Fi, Thriller","Jun 26, 2023",151174615,690867740,1989249995
Frozen 1,2000,6.6,PG,166,"Drama, Romance","Mar 02, 2008",192806477,398875820,511728074
Avengers 2,2002,8,PG,129,"Drama, Romance","Aug 18, 2022",327545627,877936165,2182289304
The Dark Knight 3,2020,8.1,PG-13,130,"Animation, Comedy, Family","Nov 15, 2008",269966627,228798873,2025903218
Avatar 4,2018,6,PG,147,"Action, Adventure, Fantasy","Dec 11, 2007",92281687,252960754,598089074
Frozen 2,2020,7.4,PG-13,137,"Sci-Fi, Thriller","Jan 13, 2015",188152543,93392503,740919503
Black Panther 1,2015,7.7,PG-13,145,"Sci-Fi, Thriller","Aug 11, 2001",194690078,538600760,1044773151
Joker 3,2014,6.2,PG-13,189,"Action, Adventure, Drama","Oct 20, 2002",225868077,280381003,342825502
The Dark Knight 2,2016,6.3,PG-13,158,"Animation, Comedy, Family","May 16, 1996",395233579,590008942,1417721408
The Dark Knight 3,2020,8.9,PG,115,"Action, Adventure, Fantasy","Nov 11, 2001",83605653,318996724,2245561421
Black Panther 2,2022,7.3,PG,168,"Action, Adventure, Fantasy","Jul 15, 2021",226139437,710835466,1139413587
Joker 2,2012,8.4,PG,172,"Animation, Comedy, Family","Oct 31, 2002",274162652,609848781,1989444828
Black Panther 2,2014,7.8,R,101,"Action, Adventure, Fantasy","Jan 11, 2001",144283881,714768635,813850239
Avatar 2,2015,6.9,PG,197,"Animation, Comedy, Family","Jan 05, 2009",207028848,157635009,855317072
Frozen 4,2011,6.3,PG-13,168,"Drama, Romance","Nov 20, 2000",399937443,348392219,794161849
Avengers 2,2012,8.1,R,89,"Action, Adventure, Fantasy","Dec 06, 2008",290339919,266976329,521020699
Black Panther 1,2024,8.1,PG,199,"Action, Adventure, Drama","Apr 03, 2003",82692744,487866802,766403476
Avengers 3,1997,8.4,PG,81,"Action, Adventure, Drama","Apr 16, 2016",276830778,690789377,921990334
Titanic 4,2006,8.5,PG,108,"Action, Adventure, Fantasy","Nov 19, 2013",117859691,616798318,1223663479
Avatar 4,2012,7.2,PG-13,131,"Action, Adventure, Fantasy","May 16, 2014",358942882,298208429,850692214
Inception 2,2000,7.4,PG,84,"Action, Adventure, Fantasy","Feb 21, 2023",17153555,783446183,1040630162
Frozen 2,1996,7.3,R,86,"Sci-Fi, Thriller","Jan 31, 2014",354365363,242677237,2007261915
Interstellar 1,2003,7.8,R,115,"Sci-Fi, Thriller","May 07, 1995",356928695,394843086,1181847134
Black Panther 2,2007,6.3,PG-13,117,"Action, Adventure, Drama","Feb 25, 2004",155280695,162312277,795690894
Avatar 1,2024,6.6,PG-13,100,"Action, Adventure, Drama","Feb 21, 2015",47990371,403732836,1546765556
Avatar 1,2024,6.7,R,112,"Animation, Comedy, Family","Apr 03, 2021",368831151,617536391,2411308652
Avengers 2,2011,7.3,PG-13,178,"Animation, Comedy, Family","Jun 05, 2001",204433410,440000849,2436531024
Frozen 2,2021,8.3,PG-13,168,"Action, Adventure, Drama","Aug 07, 1998",85244303,170074086,2157321887
Black Panther 3,2006,8.9,PG,157,"Animation, Comedy, Family","Oct 13, 2022",338116522,116492215,377926977
Joker 2,1995,7.7,PG-13,106,"Animation, Comedy, Family","Feb 28, 2021",315878432,323688544,2292544471
Titanic 3,2007,6.1,PG-13,105,"Action, Adventure, Fantasy","Aug 22, 2026",70938768,449460499,825000907
Interstellar 4,2005,7.6,R,156,"Animation, Comedy, Family","Oct 22, 2023",257513880,828069176,1865108735
Toy Story 1,2023,7.1,PG,163,"Action, Adventure, Fantasy","Sep 12, 2014",275265786,664104539,2175003823
Interstellar 3,2023,7.2,PG-13,194,"Sci-Fi, Thriller","Apr 28, 2024",159444283,500992875,2475213867
Toy Story 2,2017,6.5,R,124,"Action, Adventure, Fantasy","Oct 07, 1999",15111148,555126030,735971667
Avatar 1,2024,6.3,PG,140,"Sci-Fi, Thriller","Aug 02, 2021",34141104,431791198,1260350694
Frozen 4,2012,6.3,R,83,"Sci-Fi, Thriller","Mar 09, 2013",376730940,854932968,2452510338
Toy Story 3,2016,7.5,R,157,"Drama, Romance","Jun 07, 2004",100206583,351145720,1633191293
Black Panther 2,2004,6.3,PG-13,107,"Action, Adventure, Fantasy","Jan 31, 2001",241700118,673320643,1602814570
Frozen 1,2019,6.4,PG-13,144,"Action, Adventure, Fantasy","Apr 24, 2004",142347260,190848269,617927417
Titanic 1,2005,8,R,150,"Drama, Romance","Sep 28, 2004",128162918,568757182,2293339917
Inception 3,2011,6.1,PG,104,"Drama, Romance","Jun 20, 2022",399445013,664748760,974825690
Avengers 3,2019,9,PG-13,101,"Action, Adventure, Drama","Oct 13, 2004",236270594,68510243,572139578
The Dark Knight 3,2023,8.8,PG-13,170,"Action, Adventure, Fantasy","Nov 29, 2006",57608348,736276546,755184063
Avatar 2,2024,6.2,PG,108,"Action, Adventure, Drama","Sep 23, 2007",153820971,259611167,622273848
Inception 3,2018,7.9,PG,163,"Animation, Comedy, Family","Nov 04, 2011",30320024,119363032,1677704872
The Dark Knight 1,2018,7.1,PG,92,"Action, Adventure, Drama","Sep 11, 2023",90781933,91076894,1829472907
The Dark Knight 2,1998,6.3,PG-13,158,"Action, Adventure, Drama","Mar 17, 2023",116585451,397191093,480613383
Inception 1,2001,6,PG,160,"Animation, Comedy, Family","Apr 16, 2005",398392238,625115989,1463312009
Black Panther 4,2014,6.8,PG,134,"Action, Adventure, Drama","Oct 28, 1995",147468696,818392020,2389069173
Black Panther 4,2011,7.7,PG,109,"Animation, Comedy, Family","Jul 04, 1995",155259212,649698126,1450251272
Interstellar 3,2024,8.7,R,153,"Drama, Romance","Aug 09, 2004",328514157,487118064,662908869
Joker 1,1997,7,PG,177,"Action, Adventure, Fantasy","Oct 23, 1997",54354099,367137164,1871395765
Joker 2,2000,8.8,PG,199,"Action, Adventure, Fantasy","Apr 20, 2019",53155951,835229362,2294411987
Toy Story 1,2014,6.1,PG-13,133,"Drama, Romance","Dec 05, 2005",386402357,684070935,994291667
Interstellar 1,2015,8.6,PG,177,"Action, Adventure, Fantasy","Aug 02, 2004",312129498,363773575,1928155506
Avatar 1,2022,8.8,R,193,"Drama, Romance","Nov 07, 2003",45601209,855490349,2294523825
Frozen 4,2004,8.2,PG-13,90,"Drama, Romance","Jan 28, 2011",240790510,667656412,1580389544
Titanic 1,2004,8.6,PG-13,140,"Action, Adventure, Drama","Apr 02, 2027",219867329,156206633,820560569
Avatar 1,1998,8.5,PG,165,"Animation, Comedy, Family","May 12, 2023",203824270,797182504,1442282726
Interstellar 3,2022,6,PG,169,"Action, Adventure, Fantasy","Jan 25, 2021",399246573,81657203,1230123612
Avatar 2,2004,6.2,PG-13,152,"Action, Adventure, Drama","Mar 15, 1998",159034539,114382770,1861737330
Inception 1,2008,8.3,PG-13,200,"Action, Adventure, Drama","Jan 27, 2020",196493760,206676161,635717679
The Dark Knight 2,2017,6.9,PG,175,"Action, Adventure, Drama","Jul 29, 2027",21300260,798304711,1869195388
Avengers 1,2021,7.8,R,108,"Action, Adventure, Fantasy","Nov 15, 2009",22831474,692430026,1149294209
Titanic 2,2001,8.8,R,181,"Animation, Comedy, Family","Mar 04, 2019",304444602,403229619,1388492501
Toy Story 1,2007,8.3,PG,148,"Animation, Comedy, Family","Jun 04, 2008",93175465,549653527,1433269388
Interstellar 2,2001,6.5,PG,119,"Animation, Comedy, Family","Jan 28, 2002",394891142,622592925,913571291
Inception 2,2004,7.9,PG-13,167,"Animation, Comedy, Family","Jul 25, 2017",165206953,374823393,1325601900
Toy Story 2,2017,7.3,PG,179,"Drama, Romance","Sep 12, 2024",297634521,159853112,1360567195
Avatar 2,2016,7.5,PG,135,"Drama, Romance","Jul 03, 2020",309879878,738906106,2726234083
Joker 2,1998,8.3,R,154,"Action, Adventure, Fantasy","Jun 19, 2000",193997741,716161836,1767501453
Toy Story 3,2016,6.7,R,115,"Animation, Comedy, Family","Feb 13, 1999",312645051,488916231,1104993213
Titanic 1,2001,7.1,PG,154,"Action, Adventure, Fantasy","Jun 29, 2015",323499713,198997872,1967288073
Frozen 4,2009,6.8,PG,166,"Sci-Fi, Thriller","Jan 18, 2009",158567110,850580086,1967258357
Frozen 2,2011,7.2,PG,186,"Action, Adventure, Fantasy","Mar 31, 2025",161942833,769532144,1035450893
Inception 2,2018,8.7,PG,88,"Action, Adventure, Drama","Mar 31, 2020",46548729,555364572,1879161429
Titanic 4,2008,6.2,R,85,"Animation, Comedy, Family","Oct 17, 2003",301837434,324880288,1035258436
Avengers 4,2010,8.4,PG,168,"Drama, Romance","Feb 16, 2006",294440097,850643937,971897569
Titanic 2,2004,7.1,PG-13,147,"Sci-Fi, Thriller","Nov 21, 2010",183534433,721072847,2169298660
Avatar 3,1999,8.6,R,91,"Drama, Romance","Nov 09, 2010",233796566,76718807,1984535933
Titanic 3,2003,8.1,PG-13,197,"Sci-Fi, Thriller","Aug 16, 2003",355232607,695077887,1540437373
Titanic 2,2003,8.3,PG,109,"Animation, Comedy, Family","Sep 07, 2009",149119146,854068301,1915731673
Titanic 4,2003,7.3,PG,182,"Animation, Comedy, Family","Sep 30, 1998",111176704,475746725,753514140
Avengers 3,2024,6.7,PG,123,"Drama, Romance","Jan 10, 2013",377809363,844925928,1446079335
Avengers 3,2003,8,R,113,"Sci-Fi, Thriller","Dec 12, 2016",151367992,103026746,1946601985
Black Panther 2,2015,8.3,R,154,"Animation, Comedy, Family","Apr 18, 1995",230945715,834867499,1894395097
Avengers 4,2008,7.8,R,161,"Drama, Romance","Nov 26, 2022",357166429,77600668,1415745456
Joker 4,2017,7.7,R,115,"Action, Adventure, Drama","Feb 23, 2018",214281422,535513436,1746624851
Interstellar 2,2017,8.8,PG-13,149,"Drama, Romance","May 07, 2008",297152429,797690050,2608906370
Avatar 4,2008,6.6,R,185,"Action, Adventure, Fantasy","Feb 18, 2010",367141300,72328628,1255489431
Joker 1,2024,6.7,PG-13,135,"Animation, Comedy, Family","Jul 01, 2018",379281286,396803534,875351753
Inception 3,2023,7.2,R,170,"Action, Adventure, Fantasy","Jun 01, 2002",180390285,370085296,1837353420
Avatar 1,2011,7.7,PG,89,"Action, Adventure, Drama","Nov 12, 2009",299465943,444790349,1996262861
The Dark Knight 2,2005,7,PG-13,85,"Action, Adventure, Fantasy","Feb 23, 2001",52020242,406717140,1302316718
Inception 1,2010,8.7,PG-13,172,"Action, Adventure, Drama","Oct 14, 2013",141141218,667104098,1878242885
The Dark Knight 1,2020,7.7,PG,150,"Animation, Comedy, Family","Feb 24, 2005",78659987,198375297,1234263209
Titanic 2,2022,7.1,PG,175,"Animation, Comedy, Family","Oct 29, 1999",206557079,375757789,1210570441
Titanic 4,2015,7.8,R,183,"Sci-Fi, Thriller","Feb 23, 2003",340715363,898008758,1823713798
Joker 1,2023,7,PG,100,"Drama, Romance","Mar 16, 2004",313851447,477751939,1288423817
Joker 4,2015,6.2,PG,172,"Sci-Fi, Thriller","Apr 26, 1995",393544389,193868238,1104099623
Interstellar 3,2024,6.8,R,149,"Sci-Fi, Thriller","May 23, 1995",224781630,708646201,1939894176
Toy Story 2,2012,7.8,PG-13,127,"Action, Adventure, Drama","Dec 18, 1997",124010877,864521719,1364402450
Inception 2,2005,8.8,R,153,"Action, Adventure, Drama","Dec 31, 2009",235309864,323179840,614458062
Interstellar 1,2009,6.4,PG-13,125,"Drama, Romance","Oct 15, 2027",291155893,533170954,1139891785
Inception 3,2021,7.1,PG-13,188,"Action, Adventure, Drama","Sep 03, 2012",182022662,390965075,472854836
Interstellar 1,2012,7.4,PG,90,"Drama, Romance","Sep 27, 2024",371645723,353727190,872355700
Titanic 4,2002,7.3,PG,93,"Animation, Comedy, Family","May 17, 2017",18273420,747376582,1045815231
Inception 2,2002,6.4,PG,169,"Sci-Fi, Thriller","May 30, 2025",288135373,253172365,1267752279
Toy Story 1,2004,8.4,PG-13,177,"Action, Adventure, Fantasy","Apr 14, 2027",276162518,315624484,2303567899
Frozen 1,2024,7.9,PG,166,"Animation, Comedy, Family","Jul 04, 2012",96930046,669528507,1091486951
Toy Story 1,2011,8.6,PG,174,"Drama, Romance","Mar 09, 2000",317177009,566969097,812153452
Avatar 2,1999,6.8,R,102,"Sci-Fi, Thriller","Jul 25, 2002",300045892,593955531,2271172747
Avatar 3,2007,6.8,PG,142,"Animation, Comedy, Family","Nov 14, 2015",230084456,680608384,2553677166
Black Panther 2,2010,9,PG,169,"Action, Adventure, Drama","Apr 16, 2021",70182728,327651645,660602526
Inception 2,2010,8.3,PG-13,98,"Drama, Romance","Oct 25, 2014",150547165,221812288,1990213157
Avatar 4,2004,6.2,PG-13,151,"Sci-Fi, Thriller","Dec 05, 1999",14732574,898989474,1492648311
Titanic 3,2004,6.2,PG,117,"Action, Adventure, Fantasy","Feb 22, 2022",182563393,595712034,1432686689
Titanic 2,2008,6.4,PG,198,"Drama, Romance","Dec 23, 1995",224540019,631204966,1433576359
Inception 2,2019,8.2,PG,126,"Action, Adventure, Drama","Mar 24, 1997",146167265,831459567,2148601340
Avengers 4,2002,6.5,PG-13,138,"Sci-Fi, Thriller","Mar 02, 2018",192058840,225888911,257978534
Titanic 3,2004,8.5,R,171,"Action, Adventure, Fantasy","Dec 23, 2009",84458244,833403702,954674693
Titanic 1,2007,6.6,R,170,"Sci-Fi, Thriller","Apr 23, 2000",68548164,845595422,1442415528
The Dark Knight 4,2023,6.3,R,159,"Drama, Romance","Nov 01, 2006",282504652,774041920,879844753
Avengers 3,2019,7.1,R,169,"Sci-Fi, Thriller","Feb 16, 2021",85082082,816671601,1750384918
Black Panther 4,2010,8.8,PG-13,194,"Action, Adventure, Fantasy","Sep 09, 2011",242430692,894293377,1627333941
Toy Story 3,2005,8.5,PG,92,"Drama, Romance","Nov 07, 2003",249764705,554330625,1510671097
The Dark Knight 3,1998,7.5,R,158,"Action, Adventure, Drama","Jan 06, 2006",64334322,847371634,2582415109
The Dark Knight 1,2001,7.5,PG-13,99,"Drama, Romance","Sep 23, 2003",34190732,467219336,655177277
Frozen 4,2002,8.5,R,171,"Action, Adventure, Fantasy","Feb 04, 2001",265548049,524069360,2013706448
Toy Story 1,2018,7.9,PG-13,119,"Drama, Romance","Feb 20, 2016",280163507,56070244,1336004850
Interstellar 1,2001,8.2,PG,173,"Action, Adventure, Drama","Nov 08, 2007",223734217,520128057,2074169453
Avengers 4,2022,7.5,PG,198,"Action, Adventure, Fantasy","Feb 21, 1996",358381393,513327888,1661381989
Interstellar 1,2017,9,R,171,"Action, Adventure, Drama","Mar 02, 2017",134417098,314453328,542387726
Frozen 4,2015,9,PG-13,148,"Sci-Fi, Thriller","Nov 22, 2005",335413118,156066536,223497170
Black Panther 3,2007,8.6,PG-13,136,"Sci-Fi, Thriller","Apr 29, 2007",315558570,417338984,1994196563
Toy Story 1,2013,8.7,PG,168,"Drama, Romance","Oct 16, 2015",192424167,565871564,1441588847
Titanic 2,2011,6.9,R,187,"Animation, Comedy, Family","Mar 04, 2021",266423843,728437541,1060560040
Black Panther 2,1995,7.1,PG,155,"Animation, Comedy, Family","Sep 13, 2007",233806399,360692757,1383174344
Avengers 3,1996,7.4,PG-13,124,"Action, Adventure, Fantasy","Aug 22, 2009",102215321,333878779,960625109
Frozen 3,1998,7.6,R,93,"Action, Adventure, Fantasy","Jul 08, 2020",293691605,314860364,787558383
The Dark Knight 4,2013,8,PG,158,"Action, Adventure, Fantasy","Jun 06, 2019",385671010,711886750,1983316084
The Dark Knight 3,2020,6.5,R,97,"Animation, Comedy, Family","Nov 05, 2003",114130740,343398844,1418312211
Avatar 2,2019,8,PG-13,93,"Action, Adventure, Drama","Aug 14, 2026",124208772,427214512,1994627359
Titanic 1,1995,8.3,PG-13,168,"Drama, Romance","Jul 09, 2025",243309137,724791721,1312427284
Titanic 2,2007,6.2,PG,149,"Sci-Fi, Thriller","Oct 21, 2006",350664129,737628940,2547913097
Inception 1,2024,8.1,PG-13,129,"Drama, Romance","Jul 08, 2006",332184949,440801898,1290537266
Avengers 2,2010,8.6,PG,186,"Drama, Romance","Nov 07, 1999",281723550,631465041,2059447101
Interstellar 1,2008,8.2,R,167,"Drama, Romance","Sep 02, 2010",346408192,764151093,1538746021
The Dark Knight 4,2021,6,PG-13,108,"Sci-Fi, Thriller","May 31, 2014",139337790,249801098,1193272137
Avengers 3,2022,6.8,R,113,"Animation, Comedy, Family","Jun 03, 2012",97687004,360085351,1476644773
The Dark Knight 4,1997,6.3,PG,194,"Animation, Comedy, Family","Nov 15, 1997",61686893,361515755,1132461615
Titanic 1,2021,6.7,PG-13,93,"Drama, Romance","Dec 07, 2010",176962999,626363987,2175024203
Toy Story 2,2014,7,R,119,"Action, Adventure, Drama","Feb 26, 2017",127252630,588935435,1403944693
Titanic 4,2018,6.7,R,112,"Animation, Comedy, Family","Sep 12, 2010",37161089,370056796,721240329
Toy Story 2,2003,7.4,PG-13,134,"Action, Adventure, Fantasy","Feb 06, 1999",27150655,575900787,2047267412
Avengers 2,2009,6,PG,122,"Action, Adventure, Fantasy","Sep 08, 2015",240613978,625047680,963282916
Titanic 3,2015,6.8,PG,135,"Animation, Comedy, Family","Dec 26, 2010",129017822,764002438,1164843218
Interstellar 4,1998,6.3,PG-13,80,"Drama, Romance","Sep 17, 1995",147278380,206045761,1025657494
Toy Story 2,2003,6.9,R,189,"Drama, Romance","Mar 17, 2017",62712786,555812758,685903560
Inception 3,2000,7.9,PG,121,"Sci-Fi, Thriller","Jun 14, 1996",114604283,259125640,2060424921
Inception 2,1995,7.5,PG-13,188,"Action, Adventure, Fantasy","Nov 06, 2015",90435685,268059585,829400501
Toy Story 2,2019,8.5,PG-13,99,"Sci-Fi, Thriller","May 30, 2001",252268963,257193964,1398660852
The Dark Knight 3,2024,8.1,PG-13,199,"Sci-Fi, Thriller","Jul 15, 2023",47729830,73756876,1762782240
Avatar 3,2017,6.8,R,185,"Animation, Comedy, Family","Sep 08, 2023",16291190,551701594,982861150
Avatar 2,2009,8.6,PG,164,"Action, Adventure, Drama","Aug 18, 2004",185171697,663798042,2086644977
Avengers 4,2009,6.4,R,198,"Animation, Comedy, Family","Aug 26, 2014",74268373,511025488,1486436529
Joker 2,2018,6.8,PG-13,91,"Action, Adventure, Fantasy","Jan 29, 2027",247657316,473015520,700429592
Inception 4,2018,8.5,R,123,"Sci-Fi, Thriller","Jan 12, 2018",204871905,863823256,1290986238
Avatar 3,2012,7.6,PG-13,82,"Sci-Fi, Thriller","Sep 04, 2004",221162571,183929928,1750743265
Black Panther 3,2024,7,R,197,"Action, Adventure, Fantasy","Jul 04, 2012",349356599,870887913,1409029237
The Dark Knight 2,2004,8.9,R,178,"Action, Adventure, Fantasy","Mar 01, 2021",167194260,448859277,778549249
Avengers 2,2013,6.8,PG,105,"Drama, Romance","Sep 28, 2027",195744239,483162265,1793283571
Avengers 1,2004,8.5,PG,80,"Action, Adventure, Drama","Jan 30, 2023",47449766,413155388,881102528
Black Panther 2,2002,6.3,R,161,"Action, Adventure, Fantasy","Jan 12, 2008",48515440,578727323,1021079297
Frozen 1,1996,8.2,R,173,"Action, Adventure, Fantasy","Nov 01, 2005",245023125,244076108,1496890114
Inception 4,2006,8.4,PG,127,"Action, Adventure, Fantasy","Nov 30, 2011",336768987,626395337,2421639996
Toy Story 4,2012,6,PG,133,"Drama, Romance","Apr 08, 2004",190358090,673844098,971463227
Avatar 2,2023,6.9,R,191,"Action, Adventure, Drama","Mar 20, 2003",214345396,357696569,1839450754
Avatar 2,2018,8.4,PG-13,168,"Action, Adventure, Drama","Nov 09, 1996",394006531,659141899,1581772316
The Dark Knight 2,2014,6.7,PG-13,165,"Animation, Comedy, Family","Aug 14, 2002",209409737,627748345,1186337381
Frozen 4,2017,6.8,R,124,"Sci-Fi, Thriller","Jan 16, 2005",49563453,730898372,2298832635
Black Panther 1,2023,6.9,PG-13,192,"Animation, Comedy, Family","Dec 22, 1997",163974056,135107035,179834720
Frozen 2,2002,6.5,PG-13,91,"Action, Adventure, Fantasy","Aug 19, 2008",124973743,629835157,1126427690
Frozen 1,2007,8.8,PG-13,161,"Action, Adventure, Fantasy","Aug 12, 2011",314728338,296471265,1899802939
Titanic 1,2024,8.9,PG,196,"Sci-Fi, Thriller","Nov 30, 2010",59697202,202210392,1906255925
The Dark Knight 1,2016,7.5,PG-13,158,"Drama, Romance","Nov 22, 2006",35095619,73538593,1474317889
Interstellar 3,2024,8.8,PG,198,"Animation, Comedy, Family","Dec 09, 1995",298124280,381160931,531990123
Toy Story 1,2019,8.9,R,126,"Animation, Comedy, Family","May 20, 2006",185094273,689706201,2632213461
Titanic 2,2021,8.8,R,145,"Animation, Comedy, Family","Mar 25, 2002",27514147,314947230,513056046
Avengers 2,2008,7.3,PG-13,165,"Drama, Romance","Oct 09, 2003",284043283,279719839,1460564600
Joker 1,2014,8.8,PG-13,170,"Animation, Comedy, Family","Jan 25, 1997",341610464,857919207,1536910066
Titanic 4,2020,7.4,R,197,"Animation, Comedy, Family","Jun 09, 1997",283110736,721201350,1972884701
The Dark Knight 1,2017,6.2,PG-13,161,"Sci-Fi, Thriller","Aug 11, 2017",171095639,282291817,312646620
Toy Story 4,2019,7.4,PG,141,"Sci-Fi, Thriller","Mar 12, 2008",257396811,309057113,1709563299
Black Panther 2,2001,7.3,PG-13,93,"Action, Adventure, Drama","Aug 18, 2017",228175995,606805676,1033541952
Frozen 3,2018,6.5,PG-13,123,"Action, Adventure, Fantasy","Aug 05, 2006",276088909,687357680,708871871
Toy Story 3,2013,6.8,PG,154,"Sci-Fi, Thriller","Nov 12, 2007",385263022,839626905,1805639355
Titanic 1,2010,8.6,R,93,"Sci-Fi, Thriller","Nov 08, 2027",379337407,873282446,1179168173
Avatar 2,1996,6.8,R,95,"Action, Adventure, Fantasy","Mar 10, 1996",233501733,656841844,1136190547
Avatar 4,2004,7.6,PG,163,"Animation, Comedy, Family","Jun 06, 2024",380974285,379845727,644985966
Joker 1,2005,6.1,PG,196,"Animation, Comedy, Family","Dec 16, 2009",165407442,383837723,2186997542
Inception 4,2002,6.3,R,181,"Action, Adventure, Fantasy","Feb 23, 2009",278391117,673306237,2593840790
Interstellar 4,2018,6.3,PG,179,"Drama, Romance","Sep 02, 2022",218681926,453199709,1140799486
Joker 3,1995,6.5,R,200,"Sci-Fi, Thriller","Feb 28, 2023",282583250,831259071,2071580633
Titanic 2,2024,8.1,R,191,"Animation, Comedy, Family","Mar 06, 2002",336018868,884766721,1043694685
Toy Story 1,2019,6.4,PG-13,173,"Sci-Fi, Thriller","Mar 09, 2008",246406761,101798517,1731456275
Interstellar 4,2009,8,PG-13,152,"Action, Adventure, Fantasy","Mar 19, 2011",38052020,674723537,771061996
Toy Story 3,2000,6.6,PG,110,"Action, Adventure, Fantasy","Dec 02, 2024",376502685,243584249,544613853
Joker 4,2000,7.4,PG,161,"Animation, Comedy, Family","Jun 07, 2027",113363577,61246467,577835362
Avatar 1,2008,7.1,R,198,"Action, Adventure, Fantasy","Aug 28, 2000",240019169,646764350,1908355313
Avengers 2,2001,6.7,R,112,"Action, Adventure, Drama","Dec 25, 2015",89474049,114795278,1540838039
The Dark Knight 4,2005,6.4,R,135,"Sci-Fi, Thriller","Mar 09, 1995",395152631,898362655,1282050628
Black Panther 3,2012,8.7,PG-13,104,"Animation, Comedy, Family","Sep 17, 2006",357137092,110768156,301231599
The Dark Knight 1,2013,7.2,R,160,"Action, Adventure, Fantasy","May 05, 2014",199700286,318180618,1969355990
Titanic 2,1996,7.9,PG,181,"Action, Adventure, Drama","Nov 19, 2005",151344953,675640322,1997811248
Joker 4,1996,7.1,PG-13,98,"Action, Adventure, Fantasy","Feb 16, 2023",87869043,806542153,1341872972
Inception 4,2016,9,R,104,"Sci-Fi, Thriller","Dec 14, 2025",46050191,345356645,418619393
Inception 1,2015,8.5,R,200,"Animation, Comedy, Family","Oct 15, 2003",294057454,74546061,1938361713
Avengers 1,2004,6.5,R,120,"Action, Adventure, Drama","Nov 26, 2023",208211268,287866138,2159202900
Interstellar 4,2000,8,PG-13,137,"Action, Adventure, Drama","Sep 06, 2003",173818114,610808775,863182494
Inception 1,2003,6.8,R,94,"Animation, Comedy, Family","Dec 06, 2021",340187501,322609221,614675678
Toy Story 1,2015,6.9,PG,158,"Action, Adventure, Drama","Feb 11, 2019",233266161,759269704,1735146077
Avengers 1,2022,8.1,R,169,"Animation, Comedy, Family","Mar 10, 2001",119498258,308211242,344024418
Frozen 1,2001,7.1,PG,162,"Sci-Fi, Thriller","Apr 26, 2027",108750470,168840117,1517563944
Toy Story 1,2023,8,PG,109,"Drama, Romance","May 11, 2010",314964252,396092939,583407662
Joker 4,2023,6.2,PG-13,107,"Drama, Romance","Sep 30, 1998",182507912,241529557,603371988
Inception 3,2019,6.9,PG-13,200,"Animation, Comedy, Family","Apr 20, 2013",41891948,351611513,1757764884
Black Panther 4,2021,6.7,PG,148,"Action, Adventure, Fantasy","Jul 19, 2018",199927247,282816042,617388151
Interstellar 3,2010,8.2,R,141,"Action, Adventure, Drama","Jun 19, 2008",43733247,716349069,2614988079
Titanic 2,2011,8.1,R,179,"Action, Adventure, Drama","Jan 13, 2002",339163402,659544217,1604011248
Inception 3,2007,8,PG,89,"Sci-Fi, Thriller","Sep 02, 2015",231672105,456411403,2087669743
Titanic 4,2017,7.4,R,111,"Action, Adventure, Fantasy","Jul 14, 2011",210570175,328736885,2117581069
The Dark Knight 2,2005,8,PG,163,"Action, Adventure, Drama","Oct 22, 2025",172674743,200741415,1832372444
Joker 4,2015,8.9,PG-13,177,"Sci-Fi, Thriller","Sep 04, 2008",230088707,887557245,2601019908
Frozen 4,2018,7.3,R,199,"Action, Adventure, Fantasy","Jul 30, 2001",316216449,390974981,2027080307
Black Panther 2,2016,8,PG,144,"Sci-Fi, Thriller","Feb 29, 1996",169375233,83427312,1900818350
Frozen 3,2004,8.4,PG,141,"Action, Adventure, Fantasy","Apr 18, 2004",272110479,781878899,2060065798
Black Panther 2,2022,7.4,PG,117,"Drama, Romance","May 01, 2007",363866846,380030337,1181916374
Titanic 2,1998,6.3,R,93,"Action, Adventure, Fantasy","May 22, 2009",333285836,699244801,1635348173
Joker 3,2021,7.3,PG-13,185,"Action, Adventure, Drama","May 25, 1998",299453624,515611864,1759495357
Joker 1,2007,6.8,R,195,"Action, Adventure, Fantasy","Sep 02, 2001",183058147,668528186,2096803522
The Dark Knight 2,2021,6.5,PG-13,169,"Action, Adventure, Fantasy","Jan 14, 2006",133685016,400703229,1338807785
Joker 1,1998,8.8,R,112,"Action, Adventure, Drama","Jun 29, 2025",251217223,341934229,1737884393
Joker 4,2005,6.8,R,111,"Action, Adventure, Drama","May 28, 2015",389713779,797153024,2686741375
Avengers 4,2018,6.7,PG-13,158,"Sci-Fi, Thriller","Mar 23, 2004",296797573,268354928,729746858
Titanic 4,2002,8.2,PG-13,163,"Sci-Fi, Thriller","Mar 03, 2023",64733139,611919851,2125056142
Frozen 2,2001,6.1,PG,130,"Sci-Fi, Thriller","Oct 17, 2025",92877951,766722337,1554097542
Black Panther 4,2022,6.2,PG,130,"Action, Adventure, Fantasy","Sep 07, 2016",337151104,600054327,918211274
Avengers 1,2005,7.1,PG,82,"Action, Adventure, Fantasy","Sep 24, 2004",389841703,484763880,1300015578
Interstellar 2,2019,7.3,PG,124,"Sci-Fi, Thriller","Apr 09, 2011",42483334,462504737,1727251952
Frozen 1,2005,6.7,PG-13,150,"Sci-Fi, Thriller","Dec 27, 2002",22859389,462816252,1583947375
Avatar 1,2005,7.1,R,81,"Drama, Romance","Jun 27, 2026",346396549,766373852,1387761894
Inception 3,1998,8.6,PG,100,"Sci-Fi, Thriller","Apr 28, 2018",61199870,272229379,854026866
Avengers 4,2003,8.9,PG-13,99,"Drama, Romance","Sep 03, 2003",351959583,376180680,1504530936
Toy Story 1,2011,7.7,PG,109,"Animation, Comedy, Family","Sep 01, 2007",11608486,110359342,179873753
Avengers 3,2016,8.8,PG,127,"Action, Adventure, Fantasy","Mar 10, 2010",211270941,455190295,1083468883
Joker 3,2022,7.6,PG-13,164,"Animation, Comedy, Family","May 17, 2015",264932653,521851630,1760296245
Black Panther 4,2003,6.5,PG-13,121,"Animation, Comedy, Family","Jun 11, 2003",99536976,743834371,1287462940
Frozen 2,2016,7.2,PG-13,112,"Sci-Fi, Thriller","Apr 05, 1995",83563426,409634730,512721425
Interstellar 1,2003,7.3,R,142,"Animation, Comedy, Family","Apr 27, 2010",371289006,833393465,1883081510
Avengers 1,2024,8.4,R,96,"Animation, Comedy, Family","May 25, 2018",92298478,687162835,2171636774
Titanic 4,2001,7.5,R,183,"Sci-Fi, Thriller","Jun 04, 2001",354338377,867255076,2011564689
Toy Story 1,2017,7.8,PG-13,118,"Drama, Romance","Mar 12, 2020",223066912,602225538,1991665450
The Dark Knight 2,2002,6.9,R,166,"Animation, Comedy, Family","Mar 29, 2015",273008444,280708467,2137037745
Inception 1,2008,7.9,PG,140,"Drama, Romance","May 07, 2006",150104221,276423444,1418459083
Titanic 3,2012,8.2,PG,122,"Action, Adventure, Fantasy","Jun 18, 2024",372032019,715018689,1591159923
Toy Story 2,2012,6.3,R,168,"Drama, Romance","Aug 31, 2000",275446218,690023598,2420373823
Inception 2,2012,6.6,PG,100,"Sci-Fi, Thriller","Jun 29, 2010",371830038,342647680,1107442519
Toy Story 3,2003,6.6,R,134,"Drama, Romance","Mar 26, 2002",226711416,657791111,804255697
Toy Story 4,2018,6.1,R,106,"Sci-Fi, Thriller","Mar 08, 2006",372233495,788211163,1807099827
Joker 1,2003,8.4,PG,116,"Action, Adventure, Fantasy","May 05, 2019",196237070,449509943,2041890172
The Dark Knight 2,1998,6.6,R,150,"Action, Adventure, Fantasy","Dec 25, 2013",238221986,619718353,1290129967
Titanic 1,1996,6.4,PG,131,"Action, Adventure, Fantasy","Apr 13, 2001",297672949,168379825,1960225293
Avatar 4,2018,8.1,PG-13,154,"Sci-Fi, Thriller","May 20, 2018",260892976,77837942,1026971125
Frozen 1,2010,7.7,PG,186,"Action, Adventure, Drama","Apr 04, 2021",56266290,393207606,941020609
Avengers 3,1999,8.5,PG,113,"Sci-Fi, Thriller","Apr 16, 2017",339676087,580045505,1339769116
Inception 4,2017,8.7,PG,121,"Drama, Romance","Mar 16, 2021",48531476,640781979,2041731359
Avengers 1,2021,8.6,PG,145,"Sci-Fi, Thriller","May 01, 2027",87550120,551165081,825860096
The Dark Knight 1,2010,6.1,PG,193,"Action, Adventure, Fantasy","Feb 11, 2002",12240547,432384492,1071696967
Inception 2,2019,8,PG-13,129,"Action, Adventure, Drama","Sep 04, 2012",40377570,115404700,1438536096
Avatar 2,2000,8.9,R,178,"Action, Adventure, Fantasy","May 29, 2015",386407252,589538935,853161938
Interstellar 3,2018,8.1,R,196,"Sci-Fi, Thriller","Jan 12, 1999",308806693,213243881,443293887
Toy Story 2,2002,7.4,PG-13,95,"Sci-Fi, Thriller","Sep 18, 2026",373096455,138620289,749000367
Toy Story 4,2008,7.2,R,191,"Animation, Comedy, Family","Nov 25, 2013",117953319,806638677,2008224641
Interstellar 3,1998,6.6,R,187,"Action, Adventure, Drama","Jan 26, 2001",298025038,152690806,2014694114
Inception 1,2007,6.9,PG,95,"Animation, Comedy, Family","Dec 20, 2009",156212869,312094938,1345486804
Avengers 3,2019,8.5,R,180,"Sci-Fi, Thriller","Feb 11, 2004",38917836,362137337,1630606700
Black Panther 4,1999,6.4,R,175,"Action, Adventure, Drama","Nov 29, 2019",377038457,76570904,529535778
The Dark Knight 2,2023,7.4,R,98,"Action, Adventure, Fantasy","Mar 11, 2016",392067842,558475828,2505821664
Avatar 2,2013,6.1,PG-13,104,"Drama, Romance","Aug 16, 2012",130434287,592016584,1566497906
Toy Story 1,2009,7.9,R,186,"Sci-Fi, Thriller","Sep 07, 2017",95522487,645382346,664507826
Titanic 4,2012,6.8,R,185,"Drama, Romance","Jan 23, 2022",44540380,723563726,2641895076
Titanic 4,2014,8.8,R,113,"Drama, Romance","May 02, 2013",170519115,883549250,1664590781
Joker 2,1999,7.3,R,192,"Action, Adventure, Drama","May 02, 2016",141526182,783025150,2708213014
Interstellar 1,2011,9,PG,193,"Action, Adventure, Fantasy","Mar 07, 2003",210435096,634311810,2363475685
Frozen 2,2003,6.4,PG-13,110,"Action, Adventure, Drama","Jan 23, 1997",22068480,164486191,1765979424
The Dark Knight 3,2006,8.5,R,181,"Sci-Fi, Thriller","Mar 27, 2016",332599035,179627140,1440905448
Interstellar 2,2011,8.8,PG-13,172,"Action, Adventure, Drama","Aug 23, 2011",110331183,541941748,2310077557
Inception 1,2024,6.5,PG,103,"Drama, Romance","Oct 23, 2022",309699954,560669489,1038754548
Toy Story 1,2017,6.4,R,157,"Action, Adventure, Drama","Aug 22, 2019",241933336,275401346,753005953
Titanic 2,2003,8.8,PG-13,198,"Action, Adventure, Drama","Jun 29, 2024",137768760,547687958,1334282743
The Dark Knight 2,1999,7.9,PG,176,"Action, Adventure, Fantasy","Jan 17, 2004",258163512,838043495,851379816
The Dark Knight 2,2008,8.7,R,198,"Animation, Comedy, Family","May 13, 2006",288282364,498248130,1328317282
Avengers 3,2008,7.1,PG-13,161,"Animation, Comedy, Family","Sep 06, 2002",21290788,739003854,2097205324
Frozen 1,2009,8.8,PG,99,"Action, Adventure, Drama","Sep 20, 2019",50782223,115955094,834084039
Frozen 4,2024,6.6,PG,140,"Sci-Fi, Thriller","Jun 20, 2007",338672239,388022607,533574669
Frozen 3,1997,8.9,PG,148,"Sci-Fi, Thriller","Sep 02, 2016",313298750,225087093,290257871
Frozen 2,2009,6.3,R,107,"Sci-Fi, Thriller","Aug 09, 1996",366278157,332000939,1894990065
Frozen 4,2022,6.9,R,128,"Animation, Comedy, Family","Jul 06, 1998",191666722,398740188,1860364678
Black Panther 4,2002,8.1,PG-13,144,"Action, Adventure, Drama","Dec 27, 2010",280800690,629608710,1739425103
The Dark Knight 1,2007,6.2,PG-13,200,"Drama, Romance","Dec 21, 2021",195015189,509896306,1553055390
The Dark Knight 1,2012,7.9,PG-13,164,"Drama, Romance","Mar 22, 2026",172685759,352402769,569406589
Black Panther 3,2000,7.3,PG-13,84,"Sci-Fi, Thriller","Feb 05, 2002",299152924,391134191,2314885449
The Dark Knight 4,2010,6.8,PG,87,"Sci-Fi, Thriller","Jul 07, 2017",225909687,202009852,1979027341
Interstellar 4,2007,7.9,R,117,"Drama, Romance","Sep 20, 1997",171970542,578635197,704915355
Frozen 2,2004,7.9,PG-13,131,"Action, Adventure, Drama","Aug 27, 2008",212147415,323388933,1738090318
Titanic 2,2022,8.5,PG-13,108,"Animation, Comedy, Family","Dec 03, 2024",48785809,242723306,1349673088
Interstellar 4,2006,7.9,PG,166,"Action, Adventure, Fantasy","Sep 09, 2003",164145366,765745654,875176456
Toy Story 1,2015,6.4,PG-13,110,"Action, Adventure, Drama","May 22, 2001",177130914,860277569,1386214646
Frozen 4,2014,6.4,PG-13,150,"Animation, Comedy, Family","Jan 09, 1995",62708034,370764282,729553714
Interstellar 1,2016,8.3,PG-13,151,"Drama, Romance","Mar 14, 2027",283795820,252175579,837276032
Toy Story 1,2020,8.2,PG,168,"Animation, Comedy, Family","May 16, 2023",70474210,735319401,910239187
Joker 1,2016,7.8,PG-13,132,"Animation, Comedy, Family","Nov 14, 2001",322770950,466738098,1909584962
Avatar 1,2003,7.8,PG-13,142,"Drama, Romance","Aug 19, 2019",204431028,345527722,1493726608
Inception 3,2001,8.6,PG,102,"Action, Adventure, Fantasy","Mar 21, 2005",286064938,708182554,815690457
Inception 1,2018,6.6,PG,89,"Animation, Comedy, Family","Jul 07, 2000",345642667,835899387,2304104161
Titanic 2,2013,7.1,R,172,"Action, Adventure, Fantasy","Aug 02, 2003",62290929,639785436,1734685330
Toy Story 1,2007,6.3,PG,178,"Drama, Romance","Apr 12, 2024",198019656,722251478,1353727775
Titanic 4,2014,7.3,PG,91,"Sci-Fi, Thriller","Nov 07, 2018",396756949,598410361,2522498518
Joker 4,2013,7.7,PG,129,"Sci-Fi, Thriller","Mar 28, 1999",292758026,431592126,859474232
Titanic 2,2007,8.9,PG,192,"Action, Adventure, Fantasy","Mar 28, 2015",234352974,423185197,960889964
Toy Story 1,2016,6.7,PG,110,"Sci-Fi, Thriller","Apr 19, 2024",300985616,569188945,1083033262
Frozen 2,2013,8.3,R,134,"Sci-Fi, Thriller","Dec 26, 2012",60422917,105615847,636181038
Black Panther 1,2020,8.5,R,118,"Animation, Comedy, Family","Feb 21, 2027",180385373,242280760,1222176553
Titanic 2,2007,8.3,R,120,"Action, Adventure, Drama","May 04, 2005",202906733,572042716,1491994893
Frozen 2,1998,7.2,PG,163,"Action, Adventure, Drama","Dec 02, 2009",211986058,801741274,1549497521
Frozen 3,2002,7.7,PG-13,171,"Drama, Romance","Jun 03, 2008",95507429,500527075,1604317857
Avengers 3,2006,7.8,R,138,"Sci-Fi, Thriller","Apr 19, 2019",350555553,397468906,1107202357
Toy Story 4,2000,7.5,R,90,"Animation, Comedy, Family","Feb 08, 2027",297192688,857948049,2305063101
Interstellar 3,2005,6.5,R,150,"Action, Adventure, Drama","Oct 18, 2025",394809124,735134436,1477608696
Frozen 3,2013,7.1,PG-13,163,"Animation, Comedy, Family","Jan 29, 2022",294336650,288697182,760521085
Toy Story 4,1995,8,R,95,"Sci-Fi, Thriller","Nov 03, 1997",324271371,588154870,1618128973
Frozen 4,2004,8.2,PG,191,"Action, Adventure, Drama","Oct 29, 2020",341364009,657608113,2217241063
Titanic 1,2010,8.6,PG,110,"Sci-Fi, Thriller","Dec 21, 2021",89664415,782674984,1812548277
Toy Story 4,2006,6.1,R,91,"Action, Adventure, Fantasy","Jan 15, 2007",379175181,304960393,1433194315
The Dark Knight 4,2021,8.5,PG-13,126,"Action, Adventure, Drama","Jun 24, 2007",284103489,349109053,531557572
Toy Story 4,1995,8.8,PG-13,184,"Action, Adventure, Drama","Aug 09, 2024",376118972,406809616,987073492
Avengers 4,2008,8.5,PG-13,199,"Drama, Romance","Jun 02, 2026",46168145,87286389,897070492
Black Panther 3,1995,6.6,R,153,"Animation, Comedy, Family","Nov 07, 2004",317054490,890058418,1180252868
Avatar 4,2022,6.5,PG-13,123,"Sci-Fi, Thriller","Mar 27, 2014",288019286,113967054,897684804
Frozen 2,2020,6.5,R,125,"Sci-Fi, Thriller","Jul 10, 2014",371715813,117684273,1731158046
Toy Story 4,2019,6.3,PG-13,167,"Action, Adventure, Drama","Aug 18, 2006",89824473,871837594,1021526366
Titanic 1,2008,6.7,R,112,"Action, Adventure, Fantasy","Mar 29, 2002",148789629,64767464,75782434
Joker 2,2001,7,PG-13,200,"Action, Adventure, Fantasy","Jun 24, 2006",220990619,150413979,2001514726
Avatar 2,2011,8.1,R,189,"Animation, Comedy, Family","Feb 23, 2021",38107532,66792869,244059582
Frozen 2,2004,7.4,PG-13,194,"Sci-Fi, Thriller","Jun 27, 2014",309019224,813130021,1101013537
Joker 2,2003,8.4,PG,143,"Action, Adventure, Fantasy","Jul 26, 2014",238315984,347186241,512851749
Joker 4,2020,7.9,PG,153,"Action, Adventure, Fantasy","Jan 12, 1998",170202677,573275019,1595683646
Frozen 1,2004,8.3,PG,153,"Action, Adventure, Drama","Feb 02, 2006",25626511,490731957,1592628109
Avatar 4,2021,8.9,PG,112,"Action, Adventure, Drama","Oct 15, 2021",177248591,423854354,1273780077
Interstellar 2,2006,7,R,165,"Action, Adventure, Drama","Aug 28, 2002",151375338,583415219,2314017377
The Dark Knight 1,2014,7.7,PG-13,155,"Action, Adventure, Fantasy","Jun 21, 2009",168090722,672916242,785504991
Joker 3,2014,6.6,R,154,"Sci-Fi, Thriller","May 22, 2020",395078961,461281702,1733008554
Black Panther 1,2004,6.6,PG,117,"Drama, Romance","Jun 16, 2019",242396793,607683775,1115290914
Joker 1,2020,7.8,R,193,"Drama, Romance","Jul 06, 2004",81756972,350141016,1230030887
Avatar 1,2024,6.5,PG-13,98,"Action, Adventure, Fantasy","Oct 06, 1995",230280468,469403698,1758218901
Inception 3,2015,7.4,PG,89,"Action, Adventure, Fantasy","Nov 11, 2020",384216719,163614225,1684574148
Inception 4,2019,8.8,PG-13,153,"Sci-Fi, Thriller","Jan 18, 1999",82436125,612381235,1815578163
Avatar 4,1995,8.2,PG-13,193,"Animation, Comedy, Family","Jan 20, 2009",376720668,676589666,785325778
The Dark Knight 3,2022,7,PG,165,"Animation, Comedy, Family","Oct 16, 2000",104441498,792206810,2451529424
Black Panther 2,1996,6.7,PG-13,127,"Action, Adventure, Fantasy","Apr 28, 2001",300807420,387205450,1192812165
The Dark Knight 3,2010,8.5,PG,101,"Drama, Romance","Oct 18, 1996",373424801,637388718,1925749419
Titanic 2,1996,8.2,PG-13,145,"Action, Adventure, Drama","Aug 17, 2002",356637433,617307756,2141907033
Frozen 4,2022,6.3,R,110,"Action, Adventure, Drama","Mar 20, 2005",180863875,532972087,1178875334
Interstellar 4,2006,6.7,R,124,"Animation, Comedy, Family","Oct 01, 2005",99415707,212620583,1441662219
Joker 2,2011,6.2,R,112,"Animation, Comedy, Family","Nov 17, 2007",388308284,63949217,1442479178
Joker 3,2006,7.2,PG,142,"Action, Adventure, Drama","Jan 27, 2003",211922299,185338750,1322442455
Titanic 2,2015,8.6,PG-13,162,"Action, Adventure, Drama","May 18, 1999",372317269,808729306,2421248179
Interstellar 3,2002,6.8,PG-13,136,"Animation, Comedy, Family","Oct 28, 2018",237312555,206548860,907344460
Frozen 2,2006,8.8,PG,160,"Action, Adventure, Fantasy","Jul 02, 2010",232740694,101570575,1322716370
Titanic 3,1998,8.9,R,122,"Action, Adventure, Fantasy","Jan 19, 2015",376569620,575409168,1106911111
Frozen 3,1996,8.5,PG-13,99,"Action, Adventure, Fantasy","Apr 11, 2008",58545122,867200978,1733257769
Frozen 3,2015,8.8,PG,165,"Action, Adventure, Drama","Jun 07, 1997",212033827,790121342,2170666100
Titanic 3,2024,7.7,PG,144,"Sci-Fi, Thriller","Aug 17, 2024",26280822,348074355,1952792751
Toy Story 3,2016,7.7,PG-13,81,"Action, Adventure, Drama","Oct 03, 2007",246139358,544151802,2100337575
The Dark Knight 2,2017,7.7,PG,139,"Animation, Comedy, Family","Apr 30, 2026",174164269,222247620,548885400
Titanic 1,2020,6.6,PG-13,82,"Sci-Fi, Thriller","Feb 02, 2000",128516294,84638928,1307689842
Interstellar 1,2017,7.1,PG-13,137,"Action, Adventure, Fantasy","Apr 17, 2012",149706001,326833840,1417478365
Titanic 4,2021,6.2,PG,119,"Animation, Comedy, Family","Dec 25, 1996",30722800,419101902,686570586
The Dark Knight 4,2021,8.5,PG,178,"Sci-Fi, Thriller","Oct 04, 2026",351487422,695188953,1511471645
Frozen 3,2008,8.1,PG-13,94,"Action, Adventure, Fantasy","Aug 20, 2017",203535104,781626938,2414803811
Toy Story 2,1999,6.3,PG,139,"Animation, Comedy, Family","Dec 18, 2020",18487077,370611399,1065029640
The Dark Knight 2,2014,7.8,PG,138,"Sci-Fi, Thriller","Mar 16, 2026",333499821,780511310,1838613053
Interstellar 3,2006,8,R,165,"Animation, Comedy, Family","Apr 10, 2026",305083074,601720379,968261631
The Dark Knight 3,2006,7.7,R,194,"Sci-Fi, Thriller","Mar 13, 2012",52735205,594178100,2237191707
Avengers 2,2012,7.6,R,113,"Action, Adventure, Fantasy","May 20, 2000",350140438,79625448,1622717184
Avengers 4,2015,6.4,R,171,"Action, Adventure, Drama","Nov 12, 2008",297958847,787503140,2367384697
Inception 2,2013,8.7,PG-13,101,"Drama, Romance","Sep 02, 2006",173016934,543710052,2176914043
Interstellar 4,2006,6.5,PG-13,156,"Action, Adventure, Fantasy","Nov 30, 2018",361908543,120320487,1233440439
Frozen 3,2024,8.8,R,149,"Action, Adventure, Fantasy","Mar 24, 2000",150167650,871176637,2243784876
Frozen 3,2008,7.3,PG-13,100,"Sci-Fi, Thriller","Jun 11, 2022",190743128,346655661,940020649
Joker 3,2024,8.9,PG-13,109,"Animation, Comedy, Family","Mar 05, 1999",350842550,622186873,2536928310
Avengers 3,2024,8.8,PG,116,"Action, Adventure, Drama","Apr 12, 2019",192107605,134903538,365931527
Avengers 2,2001,7,PG-13,105,"Action, Adventure, Fantasy","Oct 31, 1998",109322961,567158377,960829156
Interstellar 2,2016,6.7,PG-13,130,"Sci-Fi, Thriller","Apr 10, 2002",114231207,850345139,1430862733
Avengers 4,2024,7.6,R,162,"Action, Adventure, Drama","Sep 02, 2019",169659293,764816632,1592874297
Avatar 3,2021,7.3,PG-13,175,"Action, Adventure, Drama","Jan 30, 2026",146654040,480484395,850088794
Avengers 1,2005,7,PG,157,"Sci-Fi, Thriller","Sep 05, 2013",267471999,632616635,1245967982
The Dark Knight 3,1996,7.1,PG-13,127,"Action, Adventure, Drama","Nov 09, 2003",116881829,701742217,1767736407
Avatar 4,1998,8.3,PG-13,200,"Action, Adventure, Fantasy","Jun 13, 2011",365406464,499891506,1367471034
Avatar 3,2020,6.7,PG,120,"Sci-Fi, Thriller","Oct 02, 2007",266180396,59840208,1598699793
Inception 4,2003,8.9,PG,156,"Sci-Fi, Thriller","Mar 16, 2022",396067494,171374554,884408298
Frozen 4,2018,7.1,PG-13,125,"Action, Adventure, Drama","Jan 23, 2027",328190731,791563744,2769951712
Avatar 4,2009,8.2,PG,162,"Drama, Romance","May 09, 2024",199821062,383594053,956888600
Inception 3,2016,6.7,PG,177,"Action, Adventure, Drama","Mar 15, 2003",156769708,343489540,1415330589
Titanic 3,2009,7.6,R,84,"Animation, Comedy, Family","May 13, 1996",68822570,299843762,1434782343
Toy Story 3,2003,8.3,PG,115,"Animation, Comedy, Family","Nov 24, 1996",184429264,837473339,1187137590
Avengers 1,2001,6.8,R,197,"Action, Adventure, Drama","Mar 14, 2026",187435771,760878470,2494384845
Titanic 2,2015,7.9,PG-13,99,"Animation, Comedy, Family","Feb 05, 2015",196156662,234886636,961893091
Interstellar 2,2001,7.8,R,121,"Drama, Romance","Nov 17, 2021",89207369,782525167,2109235806
Inception 2,2000,7.4,R,122,"Action, Adventure, Fantasy","Apr 19, 2013",22153042,139477416,615263666
The Dark Knight 2,2006,8.6,PG,120,"Action, Adventure, Drama","Aug 29, 2019",203668722,808547426,1898579463
Avengers 1,2017,7,PG,165,"Animation, Comedy, Family","May 15, 2013",14815795,335969419,1850249508
Avatar 3,2018,6.2,PG-13,97,"Sci-Fi, Thriller","Nov 30, 1999",205821952,57096705,1072505866
Inception 1,2012,6.3,R,84,"Sci-Fi, Thriller","Aug 13, 2023",140205781,709759715,2213401578
Frozen 4,2022,7,R,147,"Action, Adventure, Drama","Apr 21, 2007",156140712,174651793,1111033883
Titanic 2,2016,7.9,R,90,"Animation, Comedy, Family","Oct 09, 1998",176458130,370045605,1980702827
Inception 3,2013,6.2,PG,200,"Action, Adventure, Fantasy","Jun 17, 2011",154164822,178616536,370471998
Avengers 2,2023,6.3,PG,84,"Action, Adventure, Fantasy","Jan 14, 2027",112241293,820539095,1751399749
Black Panther 4,2005,7.2,R,196,"Action, Adventure, Fantasy","Dec 14, 1996",376814952,433903568,940101066
Titanic 4,2011,8.7,PG-13,151,"Drama, Romance","Nov 07, 1996",70139139,608596307,951920786
Black Panther 4,2021,8.3,R,194,"Action, Adventure, Drama","Apr 15, 2025",313454947,548430310,2534957614
Frozen 4,2017,6.4,PG-13,182,"Animation, Comedy, Family","Dec 26, 2011",278828578,621137576,956362574
Joker 2,2013,8.1,R,140,"Sci-Fi, Thriller","Jun 15, 2027",394765987,582001725,938711724
Joker 4,2006,6.9,PG,163,"Animation, Comedy, Family","Oct 09, 1995",200912131,150969000,1169846474
The Dark Knight 4,2011,6.8,R,132,"Animation, Comedy, Family","Apr 26, 2006",69883233,319703355,628400203
Toy Story 4,2001,7.2,PG,128,"Drama, Romance","Jul 18, 2019",321276374,479482822,1961296913
Avatar 3,2011,8.5,PG,189,"Animation, Comedy, Family","Aug 14, 2026",329002256,214735810,1314559134
Toy Story 3,2011,6.2,PG,123,"Drama, Romance","May 29, 2020",296881904,408645603,2236756197
Frozen 2,1998,7.5,PG,179,"Action, Adventure, Drama","Oct 04, 2014",121920274,447435155,888128656
Frozen 1,2007,8.6,PG,130,"Action, Adventure, Drama","May 31, 2006",365989640,348375657,1053083043
Black Panther 1,2011,6.1,R,122,"Animation, Comedy, Family","Sep 24, 2003",302454135,182472127,1457319651
Avatar 2,1999,8.7,PG,197,"Animation, Comedy, Family","Jan 18, 2010",312877350,95125317,544064392
Interstellar 4,2017,8.3,PG-13,99,"Animation, Comedy, Family","Nov 10, 2026",288403473,64308942,1428154194
Frozen 1,2016,7.6,PG,150,"Action, Adventure, Fantasy","Jul 19, 2019",142110712,840613363,2549994599
Frozen 4,1999,7.5,R,162,"Sci-Fi, Thriller","Jan 30, 2013",138828300,694013986,815538851
Joker 2,1998,8.9,PG,118,"Action, Adventure, Fantasy","May 23, 2006",10216252,621487615,2465818516
Black Panther 2,2015,7.2,PG,149,"Sci-Fi, Thriller","Jan 20, 2005",320533768,136258731,736350969
Black Panther 4,2007,7.5,R,155,"Action, Adventure, Drama","Jun 27, 1996",377521525,52581629,1265320865
The Dark Knight 2,2017,6.2,PG-13,136,"Drama, Romance","Aug 21, 1999",219151795,662958925,1548919868
Frozen 4,2006,7.4,PG-13,170,"Action, Adventure, Fantasy","Jun 19, 2014",290742112,837573788,1943337745
Avengers 3,1997,8,PG-13,119,"Sci-Fi, Thriller","Dec 16, 2026",20015020,837001136,2803425594
Titanic 3,2018,6.5,PG-13,114,"Action, Adventure, Fantasy","Oct 17, 2000",224160888,853927216,2235065030
Titanic 4,2002,8,PG-13,148,"Action, Adventure, Drama","Apr 29, 2001",70057411,298485226,1540532026
Inception 4,1996,7,R,127,"Sci-Fi, Thriller","Mar 24, 2023",83595765,807638302,2523883788
Toy Story 2,2015,8.9,PG,113,"Action, Adventure, Drama","Jan 27, 2002",364139659,203333936,1467168709
Titanic 2,2008,8,PG-13,161,"Sci-Fi, Thriller","Dec 13, 1998",202207662,702445680,2248914728
Avengers 2,2013,6.8,PG-13,152,"Action, Adventure, Drama","Feb 17, 2021",42830595,135797111,1812458357
Joker 1,2021,7.7,R,111,"Drama, Romance","Jun 26, 2003",59508360,440837778,1919635784
Avatar 4,2015,8.8,R,175,"Drama, Romance","Feb 15, 2019",42995433,238034422,2056605828
The Dark Knight 4,2016,8,PG-13,155,"Sci-Fi, Thriller","Jan 05, 2021",283034688,780001396,2163204687
Avatar 3,2006,6.5,R,132,"Drama, Romance","Dec 03, 2010",219202247,424671422,1572755783
The Dark Knight 3,2014,9,PG,162,"Animation, Comedy, Family","Dec 30, 2009",351337940,741183094,2091987362
The Dark Knight 3,2008,6.6,R,124,"Action, Adventure, Fantasy","Apr 26, 1999",232284624,402589057,743431366
Titanic 2,2015,6.5,R,84,"Animation, Comedy, Family","Feb 13, 2020",17611183,161879618,1278219457
Avatar 2,2012,7.7,PG-13,123,"Sci-Fi, Thriller","Aug 26, 1997",378068102,306214808,1173231562
Avatar 1,2017,6.5,PG-13,85,"Action, Adventure, Fantasy","Nov 20, 2016",374573672,479525159,1590171354
Black Panther 3,2021,7.5,R,132,"Animation, Comedy, Family","Jan 12, 2012",352763748,846187757,1346681165
Inception 2,1998,7.4,PG,170,"Sci-Fi, Thriller","Sep 22, 2014",132299916,899848473,1465521610
Toy Story 2,2003,7.6,R,160,"Animation, Comedy, Family","Jul 11, 2003",42924097,812324479,1066335305
Avengers 4,2019,8.4,R,94,"Action, Adventure, Fantasy","Sep 25, 2022",45297183,729148369,1994579319
Avengers 2,2020,8.3,PG-13,87,"Action, Adventure, Drama","Jun 19, 2004",133880511,439215491,1870907103
Titanic 4,2022,7.6,R,136,"Action, Adventure, Fantasy","Jul 12, 2017",235077184,86234702,1533655831
Inception 4,2005,8.6,R,84,"Action, Adventure, Drama","May 04, 2006",300756819,259624770,1465998424
Titanic 2,2019,8.8,PG,195,"Action, Adventure, Fantasy","Dec 19, 2020",96354498,816422252,1406314822
Avatar 1,1995,7.5,R,160,"Animation, Comedy, Family","Nov 12, 2026",240274482,112043938,1281518519
Interstellar 4,2008,7.1,R,176,"Drama, Romance","Jul 25, 2007",304682755,630265598,1577358663
Titanic 4,2013,7.2,R,195,"Animation, Comedy, Family","Jul 24, 2020",251734146,785754570,1338249765
The Dark Knight 2,2014,6.7,R,99,"Action, Adventure, Fantasy","Jul 01, 1995",214852561,647804047,1596183108
Joker 3,2023,8.9,PG,117,"Drama, Romance","Jan 07, 2006",202502057,184009918,2160632581
Joker 3,2007,7.5,R,185,"Sci-Fi, Thriller","May 26, 2016",101999986,885434093,1965303818
Frozen 4,2002,8.8,R,166,"Animation, Comedy, Family","Apr 27, 2025",319528665,605999967,944320664
Frozen 2,2000,8.5,PG,118,"Action, Adventure, Fantasy","Jan 30, 2018",179489282,324446353,1464064495
Interstellar 1,2019,6.3,PG,92,"Drama, Romance","May 21, 1997",386815936,736830533,2009788360
The Dark Knight 3,2006,8.5,PG,177,"Action, Adventure, Drama","Mar 22, 2013",194201142,349594364,1485223743
Inception 3,2020,7.2,PG-13,123,"Sci-Fi, Thriller","Sep 26, 2025",382612101,108803001,267566144
Avatar 1,2010,7.5,PG-13,186,"Action, Adventure, Drama","Mar 02, 2022",41880699,317871067,2077631899
Toy Story 4,2018,6.8,PG-13,189,"Animation, Comedy, Family","Jun 13, 2026",162385424,866928964,2008359299
Titanic 2,2000,8,R,86,"Action, Adventure, Drama","Aug 29, 2004",161860238,554908877,701561779
Avatar 3,2013,6.7,PG-13,167,"Drama, Romance","Apr 08, 2002",153180048,654249460,2178327420
Black Panther 4,2017,8.6,R,194,"Animation, Comedy, Family","Dec 29, 2013",291577876,332168146,1576187809
Interstellar 3,2009,7.9,PG,125,"Action, Adventure, Drama","Dec 27, 2019",222903703,809188184,2725836253
Frozen 3,1995,6.7,R,190,"Drama, Romance","Jan 19, 1996",63648002,616133194,1668084151
Toy Story 3,2019,7.4,PG,95,"Drama, Romance","Nov 14, 2004",248793393,737682666,1089730798
Inception 3,2021,6.7,PG,120,"Drama, Romance","Mar 20, 2004",227721249,253601809,348687470
Inception 3,2014,7.7,PG-13,158,"Sci-Fi, Thriller","Oct 16, 2013",79410203,623580820,1281166543
Frozen 2,2023,8.6,PG,168,"Animation, Comedy, Family","Nov 08, 1996",202889326,265989052,937328037
Black Panther 1,2020,6.1,R,177,"Animation, Comedy, Family","Dec 10, 1995",53328570,434837792,1101571876
Avatar 1,2009,7.2,PG,145,"Action, Adventure, Drama","Jun 28, 2000",304595917,783960496,1170940839
Joker 1,1995,6.7,PG,110,"Action, Adventure, Drama","Feb 21, 1996",27307120,397733239,937567708
Avengers 3,2007,6.7,PG-13,137,"Sci-Fi, Thriller","May 16, 2010",382707905,184889265,771079357
The Dark Knight 2,2023,8.1,PG,84,"Sci-Fi, Thriller","May 17, 2020",191348529,510092483,2371291625
Joker 4,2024,6.1,R,88,"Drama, Romance","Sep 08, 2004",96954231,600830908,1144021181
Inception 4,2013,9,PG-13,160,"Action, Adventure, Fantasy","Jan 26, 2005",383911633,687672949,2136830150
Frozen 4,2009,8.7,PG,157,"Action, Adventure, Drama","Oct 27, 2001",105767381,467915836,1546273943
Black Panther 3,2013,8.2,R,191,"Drama, Romance","Jan 15, 2016",371262136,235433722,2140207124
Joker 4,2013,7,PG-13,140,"Drama, Romance","May 17, 2027",250970035,200822658,1900559844
Toy Story 2,1998,7.5,PG,97,"Action, Adventure, Drama","Jan 25, 2006",317224032,187040540,883157559
Joker 4,2018,6.9,PG-13,163,"Drama, Romance","Dec 16, 2024",104014959,727585223,1750451634
Avatar 4,1995,8.6,PG,147,"Sci-Fi, Thriller","Nov 10, 2017",13889124,498400054,2371610853
Joker 3,2005,7.2,PG,183,"Drama, Romance","Apr 26, 2013",209816101,224838744,1144464056
Avengers 2,2019,6.1,PG,182,"Drama, Romance","Jan 04, 2025",252076230,512421867,557806262
Inception 3,2024,7.7,PG-13,164,"Animation, Comedy, Family","Oct 27, 2013",141119894,513565034,2181647391
Titanic 3,2021,8.8,PG-13,199,"Sci-Fi, Thriller","Feb 19, 2006",29946194,491118103,1140554053
Avatar 3,2024,6.3,PG,139,"Sci-Fi, Thriller","Apr 15, 2008",234819015,773288829,1147406474
Toy Story 4,2024,8.5,PG,130,"Action, Adventure, Drama","Sep 19, 2023",159575649,376283105,1134413214
Frozen 3,2000,7.9,R,105,"Sci-Fi, Thriller","Nov 03, 2018",340319424,96894314,1957759973
Avengers 4,2005,8.9,R,144,"Animation, Comedy, Family","Aug 01, 2019",124555769,820724829,1947224949
Joker 3,2005,6.6,PG-13,157,"Animation, Comedy, Family","Sep 12, 1995",364740215,492911865,1420700043
Avengers 4,2021,8.3,PG-13,130,"Sci-Fi, Thriller","Aug 08, 2001",145303786,170653685,1574698908
Black Panther 1,2014,8.7,R,185,"Sci-Fi, Thriller","Jun 14, 2020",171253072,335083179,2033979212
Titanic 2,1997,7.1,R,180,"Drama, Romance","May 29, 2009",351670918,328886069,1327968276
Joker 4,1996,6.3,R,166,"Animation, Comedy, Family","Sep 01, 1998",385100983,75245530,1451392231
Titanic 4,2012,8.5,PG-13,191,"Sci-Fi, Thriller","Feb 23, 2015",330905491,70913908,1212939685
Interstellar 1,2004,8.4,R,184,"Animation, Comedy, Family","Aug 07, 2009",79844621,309258584,1789701979
Interstellar 3,2024,8,PG,171,"Animation, Comedy, Family","Mar 22, 2006",234074481,890228473,2559989509
The Dark Knight 1,2004,7.9,PG,190,"Action, Adventure, Fantasy","Jan 11, 2004",274022979,288461234,780581185
The Dark Knight 1,2011,7.3,PG-13,187,"Animation, Comedy, Family","May 04, 2005",54544583,288944721,1383901350
Toy Story 3,2003,7.3,PG,189,"Drama, Romance","Nov 23, 2021",102408241,147023749,671675604
Titanic 1,2011,6.9,PG,116,"Animation, Comedy, Family","Nov 12, 2009",60355825,654453977,2469061554
Black Panther 2,2007,7,R,100,"Drama, Romance","Sep 06, 2008",63280400,763079981,2755259311
Joker 3,2002,8,R,156,"Action, Adventure, Drama","Dec 08, 1998",329862135,721856843,1093743429
Avengers 3,2006,6.9,R,118,"Sci-Fi, Thriller","Oct 13, 2006",174712432,385688038,2172027614
Avatar 1,2021,8,PG-13,140,"Action, Adventure, Fantasy","Jun 09, 2022",49353404,313935915,1868227413
Black Panther 4,1995,6.2,R,101,"Sci-Fi, Thriller","Aug 22, 2000",196031613,735399745,753495520
Toy Story 4,2005,8.3,PG,149,"Drama, Romance","Jan 13, 1997",374237280,429229503,835222296
Toy Story 1,2012,8.4,PG,167,"Sci-Fi, Thriller","Aug 26, 2007",351224646,544388225,1242437897
Black Panther 3,1998,8.6,R,182,"Action, Adventure, Drama","Jul 25, 2022",224809583,543765717,2429687855
Inception 2,1998,8.2,PG-13,121,"Action, Adventure, Fantasy","Oct 13, 2018",313552627,228228688,1075400437
Toy Story 3,2004,9,R,143,"Drama, Romance","Jul 18, 2013",359318558,477031589,2193509945
Inception 4,1999,9,PG,106,"Drama, Romance","May 23, 2004",160058870,655462503,2078728967
The Dark Knight 3,1997,8,PG-13,141,"Animation, Comedy, Family","Aug 20, 2023",80181234,457394365,1496416527
Inception 4,2005,8,PG-13,184,"Action, Adventure, Drama","Mar 25, 1999",300604490,848557097,1847346391
Interstellar 1,2009,7.7,R,101,"Action, Adventure, Drama","Dec 20, 1995",304179101,625413844,951459562
Avengers 1,1999,8.6,PG,174,"Action, Adventure, Drama","Sep 16, 2011",243618083,770157657,1135463672
Avatar 3,2017,7.4,PG,194,"Animation, Comedy, Family","May 21, 2024",46232167,869953893,933969699
The Dark Knight 2,1995,8.7,PG,197,"Action, Adventure, Drama","Mar 06, 2015",299832443,474454860,2452917375
Titanic 2,2009,6.4,PG,189,"Drama, Romance","Oct 14, 2007",189157872,466755398,1053811130
Black Panther 3,1997,7.3,PG-13,119,"Action, Adventure, Drama","Jun 08, 2021",41024015,398054337,469508831
Avengers 4,2006,6.7,PG,103,"Drama, Romance","Jun 17, 2000",86521896,879851716,962308017
Frozen 4,2014,6.6,R,84,"Action, Adventure, Fantasy","Mar 12, 2005",302793633,70698647,572517553
Titanic 3,2003,8,PG,148,"Animation, Comedy, Family","Sep 20, 2014",21956415,616429702,1461377219
Titanic 2,2003,7.9,PG-13,92,"Sci-Fi, Thriller","Mar 06, 2019",369955345,690121982,2627790698
Toy Story 1,2014,6.7,R,101,"Action, Adventure, Fantasy","Apr 28, 1997",56017897,772554643,994456728
Joker 3,1998,8.5,PG,144,"Animation, Comedy, Family","Jan 15, 2006",97929340,765635050,2540195680
Joker 2,2018,7.4,PG,100,"Sci-Fi, Thriller","Aug 12, 2012",326983214,524956058,2043750567
Frozen 3,2022,6.8,PG-13,173,"Action, Adventure, Fantasy","Dec 08, 2013",194537580,232393093,503404050
Joker 2,2015,8.9,PG,192,"Animation, Comedy, Family","Apr 07, 2014",269406841,800135942,1215385238
Joker 1,2010,6.5,PG,101,"Action, Adventure, Fantasy","Jul 30, 2011",368818939,306530135,736209739
Black Panther 4,2016,7.5,PG-13,180,"Drama, Romance","Mar 27, 2012",269899217,291030605,511591474
Joker 4,2022,8.4,PG,158,"Animation, Comedy, Family","Jan 17, 1996",162740542,621459059,1390651818
The Dark Knight 3,2004,7,R,166,"Action, Adventure, Fantasy","Mar 09, 2006",378424265,382283298,2112509978
Avengers 4,1998,8.3,R,130,"Sci-Fi, Thriller","Dec 10, 2020",153905265,337320959,898292665
Avatar 1,1997,8.3,R,169,"Action, Adventure, Drama","Jan 07, 2004",134269447,415437859,1768419300
Frozen 4,2012,8.9,PG-13,81,"Drama, Romance","Dec 13, 2016",327881219,581814411,2230027030
Avatar 3,1995,8.7,PG-13,157,"Action, Adventure, Drama","Jun 18, 2018",168155166,846130691,2185781103
Avengers 4,2007,8.6,R,124,"Sci-Fi, Thriller","Apr 02, 2015",195288156,636713475,1988726396
Interstellar 3,2020,8.4,PG,139,"Animation, Comedy, Family","Sep 27, 2005",335978907,898667909,1968083866
Interstellar 1,1996,6.5,R,140,"Action, Adventure, Drama","May 03, 2001",289669406,769443130,1911839278
Interstellar 1,1999,8.1,PG,140,"Action, Adventure, Drama","Mar 25, 2025",222689803,309136304,1434718038
Joker 2,2016,8.2,PG-13,99,"Action, Adventure, Fantasy","Jan 19, 2018",146249774,154306584,516795347
Joker 1,1998,7.8,R,101,"Sci-Fi, Thriller","Oct 20, 2008",365094965,735326432,751501343
Frozen 4,2018,7.9,PG-13,164,"Animation, Comedy, Family","Jun 06, 2016",13870080,571206296,1714012097
The Dark Knight 1,2024,6.8,PG-13,196,"Sci-Fi, Thriller","Jun 25, 2020",166000707,260744773,415139858
Frozen 4,2015,7,PG,99,"Drama, Romance","Nov 14, 2009",279216423,429865219,614546702
Titanic 3,2017,6.7,PG,188,"Animation, Comedy, Family","Nov 09, 2005",107880387,258324536,1612778410
The Dark Knight 4,2021,8.1,PG-13,93,"Animation, Comedy, Family","Apr 13, 2020",109801596,351305067,1420648661
Toy Story 2,2000,6.3,R,121,"Action, Adventure, Fantasy","Mar 25, 2015",122850150,449838459,2214953442
Avatar 3,2005,7.5,PG-13,199,"Action, Adventure, Drama","Aug 21, 2012",331673469,898352741,1148313942
Avatar 1,1997,6,PG-13,88,"Sci-Fi, Thriller","Jun 04, 1995",15455909,355840194,1345896201
Interstellar 3,2012,6.9,PG-13,146,"Action, Adventure, Fantasy","Sep 26, 2005",91285552,108863532,663448677
Interstellar 2,2007,7,PG,164,"Animation, Comedy, Family","Jan 19, 2012",392845273,51117750,152381999
Avatar 2,2010,6.3,PG-13,185,"Sci-Fi, Thriller","Jun 30, 2015",317197804,535589648,2226218243
The Dark Knight 2,2021,8.9,PG,114,"Action, Adventure, Fantasy","Jun 18, 2019",187205535,452516413,1019539076
Avatar 3,2019,7.1,PG-13,171,"Animation, Comedy, Family","Sep 23, 2013",247180974,808067947,2522338039
Avengers 1,2001,7.9,PG-13,168,"Sci-Fi, Thriller","Jan 05, 1998",88487642,427535345,833928432
Avengers 1,2018,6,R,96,"Drama, Romance","Jul 02, 2010",331384916,103897616,1951256685
Inception 4,2023,7.3,PG-13,87,"Animation, Comedy, Family","Apr 29, 2016",130076468,339740451,1432316481
Toy Story 4,2008,7.3,PG,110,"Action, Adventure, Fantasy","Sep 19, 2016",30791307,121938529,422261704
Interstellar 2,2018,8.9,PG,134,"Drama, Romance","Mar 23, 2013",381755819,443595458,2075630436
Avatar 1,2018,8.2,PG-13,90,"Action, Adventure, Fantasy","Jun 25, 2008",243218736,263727600,1174801041
Titanic 2,2009,7.6,PG,82,"Sci-Fi, Thriller","May 07, 2000",151550545,98322374,811249644
Black Panther 4,2018,8.5,PG-13,83,"Action, Adventure, Drama","Jan 12, 2016",398233170,530432571,1477017707
The Dark Knight 3,2015,8.8,PG,157,"Action, Adventure, Drama","Oct 30, 2020",166442771,435342896,1402259646
Frozen 3,2022,6.4,R,190,"Action, Adventure, Fantasy","Apr 02, 1996",189209314,619319261,1565138167
Frozen 4,2023,7.5,PG-13,155,"Animation, Comedy, Family","Jun 30, 2024",124789933,873782411,1831946540
Toy Story 1,2009,8.1,R,116,"Action, Adventure, Fantasy","Nov 24, 2014",215604944,769898733,1731900259
The Dark Knight 1,2011,6.9,R,164,"Animation, Comedy, Family","Mar 03, 2016",110892235,662159177,2456573877
Frozen 1,2006,7,PG,120,"Action, Adventure, Drama","Jun 11, 2006",29808091,289088317,498564929
Inception 2,2003,8.6,PG,80,"Action, Adventure, Drama","Feb 09, 2004",132651343,623786336,1898686223
Inception 2,2001,7.9,PG-13,82,"Action, Adventure, Fantasy","Aug 05, 2008",100231563,153958207,483119419
Toy Story 1,2015,6.9,PG,121,"Action, Adventure, Fantasy","Sep 05, 2019",213799131,405915413,1939728547
Titanic 1,2009,8.3,PG-13,166,"Sci-Fi, Thriller","Nov 06, 2014",82608631,209608737,1895147484
Joker 1,2023,8.1,R,115,"Sci-Fi, Thriller","Dec 08, 2010",259593645,311185816,1744404638
Toy Story 2,2016,6.2,PG,88,"Action, Adventure, Drama","Sep 23, 1999",305012529,285477275,931723549
Toy Story 1,2005,8,R,121,"Action, Adventure, Fantasy","Dec 20, 2001",281489978,233449379,529892186
Interstellar 3,2019,8.7,PG-13,106,"Sci-Fi, Thriller","Feb 07, 2027",262410329,622259993,1312753559
Frozen 4,2022,6.1,PG,148,"Action, Adventure, Fantasy","Apr 18, 2024",233861193,452902640,1189948590
Interstellar 1,2006,8.2,PG-13,114,"Sci-Fi, Thriller","Jun 14, 2010",156269189,557271776,1742913709
The Dark Knight 2,2017,6.9,PG-13,98,"Action, Adventure, Drama","Jul 08, 2021",187746747,385394677,1422760988
Frozen 3,2016,6.8,R,97,"Drama, Romance","Jun 10, 2027",34900277,544056407,1477620140
Avatar 4,1998,6.9,R,80,"Animation, Comedy, Family","May 09, 2017",192601229,534043881,1560830930
Inception 2,2003,7.2,PG-13,112,"Animation, Comedy, Family","Aug 07, 1997",280806510,210085257,805763580
Frozen 4,2015,8.8,PG-13,121,"Drama, Romance","Nov 25, 2024",112223167,322964104,1145851628
Toy Story 2,2013,7.6,R,102,"Animation, Comedy, Family","Feb 15, 1996",208055313,621899269,1194163877
Joker 2,2010,8.2,PG,121,"Action, Adventure, Drama","Jun 05, 2026",66038347,439156354,715922308
Avengers 3,1996,8.9,PG-13,87,"Drama, Romance","Jan 12, 2017",110231164,545404086,1045802274
Interstellar 1,2001,7,R,168,"Action, Adventure, Drama","Dec 29, 2005",224113436,265075999,1711334831
Titanic 1,2013,7.3,R,120,"Action, Adventure, Fantasy","Apr 06, 2004",362069210,454610853,947672280
Frozen 1,2020,8.4,R,138,"Drama, Romance","Jul 19, 2014",106457931,509420000,1499636332
Titanic 1,2016,7.4,PG,86,"Sci-Fi, Thriller","Aug 31, 2019",92546054,547573185,1126423365
Black Panther 2,2016,6,R,116,"Drama, Romance","Jun 05, 2019",200072359,277819746,2205232922
Inception 1,2019,8.3,PG-13,90,"Action, Adventure, Fantasy","Apr 30, 1996",396443697,653907299,1773860490
Frozen 2,2010,8.7,R,107,"Animation, Comedy, Family","Sep 22, 1999",336545070,818803434,926397030
Interstellar 2,2023,8.2,R,127,"Sci-Fi, Thriller","May 10, 2000",373239293,362613680,757253383
Inception 4,2007,6.4,R,141,"Action, Adventure, Drama","Jul 05, 2005",107290686,52242558,1603275284
Inception 1,1995,6.7,PG-13,95,"Animation, Comedy, Family","Jun 22, 1995",185834809,317214660,1457779914
Interstellar 3,2004,8.5,PG-13,185,"Drama, Romance","Nov 27, 2010",224754543,105966858,1029453758
Avengers 3,2004,7.8,PG-13,118,"Action, Adventure, Fantasy","Dec 03, 2026",398972016,171975402,756433930
Avengers 2,2006,8,PG,105,"Drama, Romance","Jan 21, 2024",94270620,863799615,2262968266
Inception 4,2002,8.5,R,176,"Action, Adventure, Fantasy","Feb 21, 2006",136464861,333056903,2307948310
Avatar 4,1995,7.9,PG,100,"Action, Adventure, Drama","Jul 13, 2010",387732320,55940406,1851727996
Inception 4,2002,8,PG,150,"Animation, Comedy, Family","Mar 15, 2011",285551897,84944281,490320085
Toy Story 1,2004,8.2,PG,175,"Animation, Comedy, Family","Apr 02, 2004",58669473,562570518,1011484106
Toy Story 1,2006,7,R,169,"Drama, Romance","Jul 13, 2019",346321915,434264145,1664999909
Frozen 4,2023,7.1,PG,193,"Animation, Comedy, Family","Oct 10, 2003",160986240,177259919,1531196067
Interstellar 4,2006,7.9,PG,92,"Action, Adventure, Drama","Mar 25, 1999",313236524,377850973,1919116278
Interstellar 2,2019,8.1,R,104,"Drama, Romance","Apr 04, 2020",188939363,261382140,1818142379
Frozen 4,2023,7.5,PG,158,"Sci-Fi, Thriller","Mar 18, 2027",47805379,619715486,2067705098
Avatar 1,1996,8.7,PG-13,122,"Action, Adventure, Drama","Oct 01, 2024",94920743,515696522,1692704694
Joker 1,2021,7.9,PG,136,"Action, Adventure, Drama","Jul 07, 2017",370767040,625390069,2579477397
Interstellar 3,2018,8.4,PG,125,"Animation, Comedy, Family","Aug 21, 2008",213345835,715275439,2260920587
Titanic 3,2010,6.7,PG-13,152,"Action, Adventure, Fantasy","Dec 20, 2012",334512207,715465277,2108617006
Joker 1,2004,7.4,PG-13,132,"Animation, Comedy, Family","Nov 12, 1997",237394655,889606000,1193492119
Joker 3,2005,8.8,PG,164,"Drama, Romance","Oct 12, 2022",164813344,448061220,1291703338
Joker 2,2006,6.9,PG,114,"Drama, Romance","Mar 30, 2025",188600374,336858261,607490069
The Dark Knight 1,2022,7.8,PG-13,139,"Drama, Romance","Jul 13, 2018",243524342,854167936,914207032
Titanic 4,2015,7.8,PG-13,134,"Sci-Fi, Thriller","Nov 15, 2007",378668769,200874503,838402518
Joker 4,2001,8.4,PG-13,142,"Drama, Romance","Aug 31, 2009",107649843,831464598,1143980214
Inception 4,1995,8.8,R,194,"Animation, Comedy, Family","Oct 24, 2006",234711581,654163161,2124286040
Avatar 2,1998,6.9,R,91,"Drama, Romance","Apr 14, 2013",60426857,313845792,507031124
Inception 4,2009,7.6,PG,147,"Sci-Fi, Thriller","Apr 04, 2013",262597892,444121195,1105351179
Avengers 2,2012,7,R,86,"Action, Adventure, Drama","Oct 20, 2016",110547599,178912442,709539071
Inception 2,1998,6.7,PG-13,115,"Action, Adventure, Fantasy","Jul 01, 1999",99691446,323963264,1717916368
Frozen 1,2009,8.7,PG-13,161,"Sci-Fi, Thriller","Oct 09, 2017",229406834,696766506,1197797617
Inception 2,2017,6.1,PG-13,97,"Drama, Romance","Jun 27, 2005",324421764,546375005,1402067245
Interstellar 1,2003,7.1,PG,165,"Action, Adventure, Fantasy","May 28, 2015",226793689,661219887,726942746
Frozen 4,2002,8.6,PG,127,"Action, Adventure, Drama","Nov 06, 2005",321466757,99312256,1918569863
Interstellar 4,2003,6.4,PG-13,176,"Action, Adventure, Drama","May 30, 2023",84808849,100259109,1964286663
The Dark Knight 1,2007,6.7,PG-13,162,"Action, Adventure, Drama","Feb 26, 2011",148802420,195522380,1626077656
Black Panther 4,2023,6.5,R,185,"Action, Adventure, Fantasy","Jun 20, 2027",377915107,218416942,1652994474
Joker 1,2022,7,PG-13,143,"Action, Adventure, Drama","Apr 18, 2017",382116858,325209823,1595470991
Inception 2,2011,8.4,R,97,"Animation, Comedy, Family","Jul 31, 2002",296400216,360211448,1194409217
Inception 3,2013,8.9,R,103,"Animation, Comedy, Family","Jan 26, 2010",84947036,807449504,1947324562
The Dark Knight 3,2002,7.7,R,134,"Action, Adventure, Drama","Sep 06, 2025",41658383,117964070,1829937022
The Dark Knight 3,1999,8.1,PG,168,"Action, Adventure, Drama","Sep 20, 2007",317441577,800619077,2719785919
Titanic 2,2015,7.7,PG-13,195,"Sci-Fi, Thriller","Sep 28, 2018",334213844,625219777,1550650195
Frozen 2,1997,7.7,R,161,"Drama, Romance","Aug 30, 2011",121466848,95189446,1516403079
Black Panther 1,2003,8.3,PG-13,93,"Sci-Fi, Thriller","Jun 05, 2004",72553998,286011980,1480254167
Inception 2,2013,7.2,PG-13,147,"Action, Adventure, Drama","Sep 28, 1998",199511772,86236735,1369517466
Joker 1,2006,7.9,PG,188,"Sci-Fi, Thriller","Jan 05, 2020",289646002,687279749,1363269986
The Dark Knight 4,1996,6.3,PG,148,"Animation, Comedy, Family","Feb 13, 2022",320172780,331509157,384680703
Joker 1,1998,7.4,R,186,"Action, Adventure, Fantasy","Jan 07, 2023",201945293,712436098,2286140319
Frozen 3,1996,7.1,PG,112,"Drama, Romance","Sep 15, 2018",30545426,358990057,1339649703
Black Panther 2,2012,6.4,PG,146,"Action, Adventure, Drama","Mar 14, 2026",225644669,500107545,1535234294
Avengers 2,2008,6.7,R,196,"Animation, Comedy, Family","Jul 29, 2003",377119417,449005094,665819920
Interstellar 2,2009,6.4,R,186,"Drama, Romance","Feb 10, 1999",212040411,306087177,1835098348
The Dark Knight 4,2019,8.2,PG-13,162,"Action, Adventure, Fantasy","Apr 07, 2003",359732810,606755077,2540457739
The Dark Knight 3,2002,8.1,PG,116,"Action, Adventure, Fantasy","Jul 12, 2002",38023444,883063045,1843270576
Interstellar 2,2011,6.1,PG,123,"Action, Adventure, Fantasy","Nov 03, 1998",139371017,528634625,1449934325
Joker 1,2023,7.6,PG,159,"Action, Adventure, Fantasy","Jul 03, 2006",370953534,296893513,2103591224
Frozen 3,2002,6.9,PG,189,"Sci-Fi, Thriller","Nov 12, 2014",397945192,790337242,2076208867
Interstellar 2,2010,6.7,PG-13,139,"Action, Adventure, Drama","Mar 09, 2003",280859683,859577517,2099017914
Interstellar 4,2015,7.4,R,116,"Drama, Romance","Jan 31, 2011",344229875,284923844,2271102218
Black Panther 4,2019,6.9,PG,177,"Drama, Romance","Jan 15, 2008",216080410,587808099,1593189225
Frozen 3,2018,7.6,PG-13,81,"Drama, Romance","Dec 08, 2001",250678782,163969168,1881037896
Black Panther 2,2015,8.5,PG-13,165,"Action, Adventure, Drama","Aug 13, 1999",159468928,669557884,2060938861
Frozen 2,2011,8,R,93,"Action, Adventure, Drama","Mar 01, 2027",326731867,256218570,1327541724
Inception 3,2004,7.5,PG,126,"Action, Adventure, Drama","Mar 10, 2026",101338995,367113227,1770064149
Avengers 1,2009,6.9,PG-13,158,"Animation, Comedy, Family","Aug 23, 2024",129202693,767374098,1305032820
The Dark Knight 2,1998,6.2,R,137,"Sci-Fi, Thriller","Jan 06, 2014",343774072,579179783,2312539553
The Dark Knight 3,2011,7.2,PG-13,125,"Action, Adventure, Fantasy","Jan 29, 2013",105627560,75906655,222994420
Black Panther 4,2005,6.1,R,177,"Sci-Fi, Thriller","Jul 10, 2015",306143171,543039137,806916394
Avengers 3,2007,7.2,PG,102,"Action, Adventure, Drama","May 24, 2014",23917028,73047188,1988883706
Inception 4,2023,7.5,PG,107,"Action, Adventure, Fantasy","May 13, 2026",164820606,769888916,1195186312
Titanic 2,2006,7.2,PG,114,"Animation, Comedy, Family","Apr 27, 2005",305577717,823253328,1386933262
Inception 4,2011,6.1,R,173,"Action, Adventure, Drama","Aug 01, 1998",91259713,428066865,1765699242
Avengers 1,2020,8.4,PG,121,"Drama, Romance","Sep 04, 2008",245411087,762151779,1308396796
Frozen 4,2020,7.2,PG-13,128,"Action, Adventure, Drama","Dec 16, 2023",130156558,497740382,1246289580
Avengers 4,1996,7.2,R,168,"Animation, Comedy, Family","Jan 31, 2011",102094273,546646640,2468279774
Titanic 2,2003,7.3,R,130,"Action, Adventure, Drama","Feb 28, 2017",23361747,537747073,2327247259
Titanic 1,2005,8,R,190,"Animation, Comedy, Family","Mar 23, 2010",277018744,745519416,1760944782
Avatar 4,2016,7.8,PG,127,"Action, Adventure, Fantasy","Oct 16, 2026",118195805,654379747,766174058
Joker 3,1996,8,PG-13,162,"Action, Adventure, Drama","Apr 10, 2004",176907840,310026083,1228540119
Interstellar 2,2000,7.4,R,117,"Drama, Romance","Jun 09, 2021",199051827,495784922,1032483289
Avatar 4,2006,7.9,PG,147,"Action, Adventure, Drama","Aug 26, 2021",344796517,360796860,2082648360
Interstellar 3,2001,8,R,90,"Animation, Comedy, Family","Jul 15, 1997",348213754,817872291,855506887
The Dark Knight 3,1996,7.3,PG-13,145,"Drama, Romance","Jul 22, 2023",279731903,95334250,453319899
Titanic 4,2011,8.5,PG,86,"Action, Adventure, Drama","Mar 31, 2017",80548319,755367022,1136317635
Interstellar 4,2005,7.3,PG-13,82,"Action, Adventure, Drama","Jul 28, 2018",117352897,691889975,1210099000
Avengers 4,2020,6.8,R,154,"Animation, Comedy, Family","Feb 23, 2019",169414608,722116818,2656302457
Inception 1,2001,8.5,PG,162,"Animation, Comedy, Family","Mar 29, 2026",133084401,583227180,1687598748
Interstellar 4,2012,7.7,PG,145,"Action, Adventure, Drama","May 20, 2003",290077168,529846402,2298127943
Avengers 2,1998,8.9,R,95,"Sci-Fi, Thriller","Nov 21, 2009",212430595,697779919,1057683635
Avengers 2,2013,7.6,R,196,"Drama, Romance","Oct 25, 2007",314208672,383857104,848778791
Avengers 2,2008,8,PG-13,184,"Action, Adventure, Drama","Nov 11, 1998",311439274,631710732,968379305
Frozen 3,2014,7.9,PG,150,"Action, Adventure, Fantasy","Apr 27, 2022",241911330,247400960,363645819
Joker 1,1997,8.3,PG,103,"Action, Adventure, Drama","Oct 05, 2014",152409945,228569788,1900745147
Frozen 2,2009,7.5,PG-13,91,"Sci-Fi, Thriller","Jul 22, 2004",146588742,541932442,1524780198
Avatar 2,2016,6.9,PG-13,85,"Action, Adventure, Drama","Jul 06, 2018",66374778,70046141,1442019236
Toy Story 3,2019,6.3,PG-13,183,"Sci-Fi, Thriller","Feb 11, 1999",228721070,443267366,1047117885
Titanic 4,2021,7.8,R,109,"Action, Adventure, Drama","Oct 25, 2020",218252050,342845811,1376955664
Joker 3,2013,7.5,PG-13,199,"Action, Adventure, Fantasy","Oct 26, 2006",313198203,752114514,1195537637
Toy Story 2,2017,6.8,PG,88,"Action, Adventure, Drama","May 21, 1995",104928875,625460394,1180406403
Toy Story 4,2017,8.5,PG,112,"Animation, Comedy, Family","Aug 30, 2012",131095278,668435428,2118728924
The Dark Knight 2,1998,6.5,PG,159,"Action, Adventure, Drama","Jul 21, 2005",372076071,246434176,749255428
Titanic 1,2012,8.9,R,194,"Sci-Fi, Thriller","Jun 16, 2024",67245943,123585983,1996537487
Toy Story 3,2008,8.4,R,186,"Action, Adventure, Drama","Nov 12, 2009",280765865,377114986,2188964461
Titanic 2,1998,7.6,R,198,"Action, Adventure, Drama","Jan 03, 1997",263636199,519970681,753415148
Inception 3,2009,7.3,R,128,"Animation, Comedy, Family","Nov 04, 2016",226611100,221372339,1804672110
Interstellar 1,2014,6.9,PG-13,113,"Action, Adventure, Fantasy","Mar 07, 2025",345827110,189559025,1076078827
Interstellar 3,2011,7.8,PG-13,86,"Animation, Comedy, Family","Jul 15, 2006",286152810,713839523,1454531783
Interstellar 3,2012,6.4,PG,198,"Sci-Fi, Thriller","Oct 15, 2003",224409163,64046692,1212872196
Avatar 1,2024,6.1,PG,183,"Action, Adventure, Drama","Oct 05, 2013",64639752,207629240,436414876
Black Panther 4,2020,8.4,PG,199,"Sci-Fi, Thriller","May 18, 2004",376167695,661026673,2230655917
Black Panther 4,2008,8.7,PG,190,"Drama, Romance","May 15, 1995",297011280,567288010,931323926
The Dark Knight 4,1999,6.7,PG-13,188,"Animation, Comedy, Family","Apr 15, 2024",288327281,867467516,1810374642
Inception 1,2017,6.6,R,194,"Animation, Comedy, Family","Sep 20, 2000",178405289,485750007,2389239688
The Dark Knight 4,2021,6.1,PG,115,"Drama, Romance","Oct 15, 2004",267806961,843121946,1670154378
Toy Story 2,2019,8,R,118,"Animation, Comedy, Family","Jun 26, 2023",368409221,891694766,2427880973
Avengers 3,2020,8.5,PG-13,122,"Action, Adventure, Fantasy","Oct 25, 2008",99247551,215304714,823922364
Avatar 3,2009,6.3,PG,195,"Action, Adventure, Drama","Apr 07, 2015",265855844,141717859,1986813451
Titanic 4,2024,8.7,PG,170,"Animation, Comedy, Family","Aug 28, 1998",270634140,796518792,1487279250
Avatar 1,2009,7.4,R,92,"Sci-Fi, Thriller","Mar 15, 2003",281052679,152432376,1259035806
Titanic 1,2012,7.8,R,95,"Animation, Comedy, Family","Apr 01, 2005",389171064,64930108,1440493750
Avatar 4,1999,7.9,PG,172,"Animation, Comedy, Family","Nov 20, 2021",168584311,161692025,239862798
Interstellar 2,2006,6.1,PG-13,181,"Action, Adventure, Fantasy","Aug 08, 2016",170291324,555593441,2347053294
Toy Story 2,1999,7.1,R,149,"Action, Adventure, Drama","Sep 07, 2014",56268803,310172046,2257068926
Toy Story 2,2007,6.1,R,122,"Action, Adventure, Fantasy","May 22, 2014",267530269,228496244,331358011
Titanic 4,2009,7.6,PG,160,"Action, Adventure, Fantasy","Jun 20, 2018",267566582,231266521,2018433336
Frozen 2,2008,7.2,PG,114,"Action, Adventure, Fantasy","Sep 28, 1999",128132395,801487932,2170562774
Toy Story 4,2007,7.7,R,125,"Action, Adventure, Fantasy","Jul 18, 2020",19599954,507307298,2396231261
Titanic 2,2012,8.3,PG-13,94,"Drama, Romance","Apr 06, 2018",30581121,72176757,632682432
Toy Story 3,2004,8.1,PG-13,120,"Action, Adventure, Drama","May 01, 1999",43290332,328427140,660572923
Joker 4,2011,7.2,PG,100,"Sci-Fi, Thriller","Jul 20, 2011",377846952,332135196,657889394
Inception 1,1996,7.9,R,102,"Sci-Fi, Thriller","Oct 27, 2009",37956798,180652267,1286889934
Inception 2,2016,7.5,R,81,"Action, Adventure, Drama","Feb 09, 2011",222310754,107402097,1725442909
Frozen 3,2021,6.2,R,191,"Animation, Comedy, Family","Jul 01, 2023",168994177,286106190,1031292365
Avatar 4,2019,8.2,PG,188,"Action, Adventure, Fantasy","May 10, 2027",357886150,823945302,2202856261
Inception 1,2018,6.3,PG-13,118,"Action, Adventure, Drama","Oct 02, 1997",57815995,73712591,746220772
Toy Story 3,1998,6.8,PG-13,102,"Drama, Romance","Nov 19, 2020",142214315,359326375,2178321528
Titanic 4,2019,6.1,PG,197,"Sci-Fi, Thriller","Dec 02, 2018",34494031,746819330,1281047256
Frozen 3,2018,6.4,R,150,"Sci-Fi, Thriller","Jul 01, 2023",389464396,658554148,1209808786
Joker 4,2017,8.5,PG,200,"Action, Adventure, Fantasy","Oct 03, 2017",355959850,611606859,786023258
Interstellar 2,2018,7.4,R,140,"Drama, Romance","May 31, 2010",271740238,128679992,1281847292
Toy Story 1,2015,7.1,PG,149,"Action, Adventure, Drama","Jun 10, 2017",120412513,59886303,847089420
Titanic 3,2016,7.3,PG,123,"Drama, Romance","May 04, 2022",352101168,290449818,1789676338
Black Panther 1,2017,8,PG,102,"Action, Adventure, Drama","Apr 25, 2010",294366440,101675843,1946977833
Black Panther 4,2009,7.8,PG,130,"Action, Adventure, Drama","Aug 14, 2008",223779408,195101431,1479815656
Frozen 3,2008,8.9,PG,174,"Action, Adventure, Fantasy","Mar 11, 2024",123827837,681623580,1434905658
Toy Story 3,2017,8.2,PG-13,182,"Action, Adventure, Drama","May 13, 2019",108162681,670271494,2594868938
Joker 1,2006,8.7,PG-13,200,"Animation, Comedy, Family","Apr 29, 2009",288585064,894844343,2494693456
Interstellar 1,2012,8.2,R,177,"Action, Adventure, Drama","Jun 08, 2010",290249242,65747609,863931975
Joker 2,2019,8.3,PG,158,"Drama, Romance","Dec 17, 2009",213845542,539766427,1164365845
Joker 3,2012,7.8,R,171,"Drama, Romance","Jul 07, 2014",150849580,458458399,2019592608
Titanic 3,2006,8.5,R,181,"Action, Adventure, Fantasy","Aug 18, 2027",14048121,855259827,2185664321
Avengers 1,2018,8.8,PG,86,"Sci-Fi, Thriller","Nov 14, 2010",81936043,508951735,1361882661
The Dark Knight 2,2012,7.4,PG-13,105,"Animation, Comedy, Family","Nov 12, 2013",325756273,801584709,2652638352
Titanic 3,2021,7.2,PG,159,"Action, Adventure, Fantasy","Nov 11, 2013",301537077,181241812,1459859033
Inception 3,1997,6.8,R,190,"Action, Adventure, Fantasy","May 16, 2008",287455979,191309388,1622092082
Avatar 3,2019,7.7,PG,100,"Drama, Romance","Apr 27, 2004",253151775,92359794,1190994597
Avatar 1,2017,8,R,115,"Action, Adventure, Fantasy","Jul 01, 2020",334759065,536666682,1679445340
Interstellar 2,1999,7.2,R,82,"Drama, Romance","Sep 02, 2023",392028311,757207470,1827213885
Titanic 3,2001,6.1,PG-13,96,"Action, Adventure, Drama","Sep 18, 2020",258557034,582722995,1432073216
The Dark Knight 4,2004,6.2,PG-13,85,"Animation, Comedy, Family","Jun 09, 2022",92626964,468243114,1717285846
Avengers 4,2002,6.4,PG-13,161,"Drama, Romance","Apr 24, 2004",105480519,495981508,838774489
Avatar 3,1998,8.5,PG-13,129,"Action, Adventure, Drama","Mar 26, 2021",342775744,526987847,1834766299
The Dark Knight 4,2000,6.8,PG,188,"Sci-Fi, Thriller","Dec 22, 2005",92794135,105461893,1680403439
Toy Story 4,2005,8,R,159,"Action, Adventure, Fantasy","Jun 21, 2025",222545188,740004102,903592128
Inception 2,2009,7.4,R,194,"Sci-Fi, Thriller","Aug 31, 2015",54204034,374206308,1546050998
Frozen 1,2016,7.3,PG,92,"Action, Adventure, Drama","Apr 30, 2018",223385852,661447256,2094410454
Toy Story 4,2012,8.4,PG-13,80,"Action, Adventure, Fantasy","Sep 10, 2021",17189254,368586118,1429474706
Avatar 1,2014,8.2,PG,104,"Drama, Romance","Oct 03, 2026",138607863,788546096,1739863693
Frozen 2,2004,8.3,R,85,"Animation, Comedy, Family","Dec 27, 2015",385600141,755340386,2640579397
Avatar 3,2013,6.5,PG,184,"Drama, Romance","Jul 12, 2018",30690941,748713282,2359257410
Joker 1,2009,6.4,R,128,"Sci-Fi, Thriller","Mar 21, 2013",165384966,784949991,1767095000
Frozen 1,2020,7.8,PG-13,82,"Animation, Comedy, Family","May 22, 2015",48547416,875334817,2730512256
Inception 4,2010,6.1,PG,108,"Drama, Romance","Nov 01, 2001",302371601,753159464,2278886709
Toy Story 2,2003,6.7,R,84,"Action, Adventure, Fantasy","Feb 28, 2020",194326527,283546675,715910252
Titanic 2,2012,6.7,PG,130,"Action, Adventure, Fantasy","Feb 15, 2010",322275952,456738001,1082616034
Avatar 2,2000,6.5,PG-13,96,"Drama, Romance","Sep 19, 2015",70678628,127952184,748774493
The Dark Knight 1,1998,7.1,PG,107,"Sci-Fi, Thriller","May 21, 1996",221015532,509802075,2035816773
Avengers 1,2004,8.2,PG-13,171,"Action, Adventure, Drama","Nov 30, 2010",208590425,327724939,2241447583
Joker 1,2001,8.2,R,106,"Action, Adventure, Drama","Jan 21, 2024",337409270,398999455,1389589147
Inception 1,2012,7,PG-13,90,"Action, Adventure, Drama","Dec 13, 2003",391767120,187380069,2037762431
The Dark Knight 3,2011,7.3,PG,128,"Action, Adventure, Fantasy","Aug 11, 2026",225172526,512392420,1488360371
Interstellar 4,2017,6.5,R,181,"Action, Adventure, Fantasy","Dec 30, 2012",164632900,150276734,1922439214
The Dark Knight 4,2016,8.6,PG-13,194,"Sci-Fi, Thriller","Nov 04, 2001",53977346,299516730,2040623532
Avengers 3,2005,6.6,PG,80,"Drama, Romance","Nov 26, 2016",362765230,336021568,2228183439
Black Panther 4,2004,7.7,R,178,"Action, Adventure, Drama","May 14, 2017",306373237,691956468,945665284
The Dark Knight 4,2019,7.5,R,118,"Drama, Romance","May 23, 2004",266758319,459364969,858065867
Frozen 2,2019,6.9,PG-13,92,"Drama, Romance","Jun 10, 2019",72498219,215796240,1550969537
The Dark Knight 2,2022,7.1,R,180,"Animation, Comedy, Family","Apr 29, 2025",28948251,380649641,912399432
Titanic 2,2021,6.2,PG-13,99,"Sci-Fi, Thriller","Aug 05, 2017",255259145,752530361,1657892558
Frozen 3,2015,8.4,PG,83,"Action, Adventure, Fantasy","Oct 30, 2017",255819481,253621059,1621453040
The Dark Knight 2,1996,6.5,R,182,"Drama, Romance","May 12, 2006",296651158,368366427,1272932480
Inception 2,1995,8,R,149,"Sci-Fi, Thriller","Sep 12, 1998",292432168,565643019,2389513703
Joker 1,2021,6.9,PG,198,"Action, Adventure, Drama","Feb 25, 2007",49368699,264771472,1064139616
The Dark Knight 4,2015,7.3,PG,83,"Sci-Fi, Thriller","Aug 03, 1995",21311129,346887993,1410645144
Joker 1,2011,7.3,PG-13,89,"Action, Adventure, Fantasy","May 21, 2003",376793368,802164195,1004905784
Avengers 1,2016,8.1,PG-13,160,"Action, Adventure, Fantasy","May 03, 1998",334178010,74302020,1197201930
The Dark Knight 2,2004,7.7,PG,155,"Animation, Comedy, Family","May 12, 2024",253877685,352894527,1301918204
Black Panther 4,2021,8.2,PG-13,141,"Drama, Romance","Jan 03, 1998",228462920,530771767,940132190
Interstellar 3,2004,7,PG,144,"Animation, Comedy, Family","Nov 07, 2022",359562281,764676351,2146946732
Joker 2,2017,7.4,PG,80,"Action, Adventure, Fantasy","Nov 01, 2026",125850681,699128926,2110398359
Avatar 4,2011,6.1,R,146,"Action, Adventure, Fantasy","Aug 31, 2024",28072001,734838157,1895639967
The Dark Knight 3,1995,7.9,R,88,"Drama, Romance","Nov 12, 2026",314505800,443025115,678354318
Titanic 4,2024,7.3,R,156,"Action, Adventure, Drama","Jun 16, 1998",319126483,490870591,2186222462
Avengers 1,2016,8.8,PG-13,192,"Sci-Fi, Thriller","Jan 20, 2010",143109929,880271377,2641962603
Frozen 3,1998,8.1,PG-13,152,"Sci-Fi, Thriller","Feb 13, 2019",353256525,289043002,1401297163
Black Panther 4,1996,7.7,PG-13,172,"Action, Adventure, Drama","Nov 03, 2027",25684577,331524344,1834350061
Inception 1,1997,6,PG-13,159,"Sci-Fi, Thriller","Jan 11, 2017",299099679,558128393,1906972819
Black Panther 1,2014,7.4,PG-13,145,"Animation, Comedy, Family","Oct 23, 2010",164427778,300740765,2111027989
Avatar 2,2022,6.3,PG-13,115,"Animation, Comedy, Family","Jan 18, 2007",297602940,82767541,446323624
Black Panther 1,2008,6.3,PG-13,112,"Drama, Romance","Apr 24, 2022",321691289,86106026,950941875
Joker 2,2021,7.9,PG,82,"Sci-Fi, Thriller","Apr 05, 2027",317325378,791136223,1282287365
Toy Story 1,2014,6.5,R,193,"Action, Adventure, Fantasy","May 18, 2012",47785764,381899232,1367445468
Black Panther 2,1997,8.5,PG-13,172,"Action, Adventure, Fantasy","Sep 08, 2007",152912008,679895560,1878006458
Avengers 2,2003,7.8,PG,146,"Action, Adventure, Drama","Apr 21, 1995",374649898,497451275,1483914096
Inception 2,2018,6.5,R,186,"Action, Adventure, Fantasy","Feb 14, 2002",139937381,218028254,1279874745
