tittle,max_theaters,Year ,total_dom_gross($),studio
Avengers: Endgame,4391,2019,982673000,Marvel Studios / Walt Disney Studios
Avengers: Endgame,4517,2019,982673000,Marvel Studios / Walt Disney Studios
Avatar,4993,2009,884807625,Marvel Studios / Walt Disney Studios
Black Panther,4852,2018,824359566,Marvel Studios / Walt Disney Studios
Avengers: Infinity War,4859,2018,803115482,Marvel Studios / Walt Disney Studios
Frozen 4,4437,2011,472692219,Walt Disney Animation Studios
Inception 3,4594,2011,789048760,Warner Bros. Pictures
Interstellar 3,4004,2022,205957203,Paramount Pictures / Warner Bros. Pictures
Avengers 3,4204,2004,296275402,Marvel Studios / Walt Disney Studios
Inception 1,4501,2001,749415989,Warner Bros. Pictures
Black Panther 4,4380,2018,654732571,Marvel Studios / Walt Disney Studios
Frozen 3,4178,2002,914637242,Walt Disney Animation Studios
Titanic 4,4587,2014,722710361,20th Century Fox / Paramount Pictures
Inception 1,4694,2019,778207299,Warner Bros. Pictures
Inception 4,4156,2003,295674554,Warner Bros. Pictures
The Dark Knight 2,4832,2016,714308942,Warner Bros. Pictures
The Dark Knight 4,4409,2005,1022662655,Warner Bros. Pictures
Avengers 1,4069,2012,395121141,Marvel Studios / Walt Disney Studios
Joker 3,4120,2014,585581702,Warner Bros. Pictures
Interstellar 2,4773,2001,746892925,Paramount Pictures / Warner Bros. Pictures
Interstellar 3,4049,2005,859434436,Paramount Pictures / Warner Bros. Pictures
Joker 2,4613,2013,706301725,Warner Bros. Pictures
Avatar 2,4273,2018,783441899,Marvel Studios / Walt Disney Studios
Avengers 3,4475,2011,195137119,Marvel Studios / Walt Disney Studios
Joker 4,4682,2015,318168238,Warner Bros. Pictures
Interstellar 2,4145,2007,175417750,Paramount Pictures / Warner Bros. Pictures
The Dark Knight 3,4260,2014,273895004,Warner Bros. Pictures
Joker 2,4495,2018,511758730,Warner Bros. Pictures
The Dark Knight 2,4164,2023,682775828,Warner Bros. Pictures
Interstellar 2,4629,1999,881507470,Paramount Pictures / Warner Bros. Pictures
Toy Story 4,4805,2020,465966596,Pixar Animation Studios / Walt Disney
Inception 1,4006,2012,311680069,Warner Bros. Pictures
Joker 3,4588,2012,655606471,Warner Bros. Pictures
Avengers 1,4070,2005,609063880,Marvel Studios / Walt Disney Studios
Joker 4,4192,2005,921453024,Warner Bros. Pictures
Avengers 2,4041,2007,818385081,Marvel Studios / Walt Disney Studios
Frozen 3,4193,2018,782854148,Walt Disney Animation Studios
Titanic 1,4877,2012,189230108,20th Century Fox / Paramount Pictures
Joker 2,4945,2011,188249217,Warner Bros. Pictures
Avatar 4,4846,1995,180240406,Marvel Studios / Walt Disney Studios
Interstellar 1,4703,2019,861130533,Paramount Pictures / Warner Bros. Pictures
Avatar 2,4085,2000,713838935,Marvel Studios / Walt Disney Studios
Toy Story 1,4785,2014,808370935,Pixar Animation Studios / Walt Disney
The Dark Knight 4,4676,2013,836186750,Warner Bros. Pictures
Frozen 2,4004,2004,879640386,Walt Disney Animation Studios
Interstellar 4,4731,2017,689566219,Paramount Pictures / Warner Bros. Pictures
Toy Story 3,4778,2013,963926905,Pixar Animation Studios / Walt Disney
Joker 4,4509,1996,199545530,Warner Bros. Pictures
Inception 3,4924,2015,287914225,Warner Bros. Pictures
Inception 4,4715,2013,811972949,Warner Bros. Pictures
Avengers 3,4862,2007,309189265,Marvel Studios / Walt Disney Studios
Inception 3,4289,2020,233103001,Warner Bros. Pictures
Joker 1,4365,2022,449509823,Warner Bros. Pictures
Interstellar 2,4822,2018,567895458,Paramount Pictures / Warner Bros. Pictures
Avatar 4,4427,2004,504145727,Marvel Studios / Walt Disney Studios
Titanic 1,4648,2010,997582446,20th Century Fox / Paramount Pictures
Joker 1,4335,2024,521103534,Warner Bros. Pictures
Toy Story 4,4914,2006,429260393,Pixar Animation Studios / Walt Disney
Titanic 4,4397,2015,325174503,20th Century Fox / Paramount Pictures
The Dark Knight 1,4402,2020,543008953,
Avatar 1,4397,2007,774250555,Marvel Studios / Walt Disney Studios
The Dark Knight 3,4578,2004,506583298,Warner Bros. Pictures
Avatar 2,4855,2012,430514808,Marvel Studios / Walt Disney Studios
Black Panther 4,4951,2023,342716942,Marvel Studios / Walt Disney Studios
Joker 4,4439,2011,456435196,Warner Bros. Pictures
Avengers 3,4656,2024,969225928,Marvel Studios / Walt Disney Studios
Black Panther 4,4074,2007,176881629,Marvel Studios / Walt Disney Studios
Avengers 3,4916,1998,200162311,Marvel Studios / Walt Disney Studios
Avengers 2,4248,2008,573305094,Marvel Studios / Walt Disney Studios
Toy Story 1,4655,2024,196921129,Pixar Animation Studios / Walt Disney
Black Panther 4,4545,1999,200870904,Marvel Studios / Walt Disney Studios
Black Panther 4,4097,2005,558203568,Marvel Studios / Walt Disney Studios
Joker 1,4805,2011,926464195,Warner Bros. Pictures
Frozen 4,4436,2012,979232968,Walt Disney Animation Studios
Avatar 4,4391,1995,800889666,Marvel Studios / Walt Disney Studios
Titanic 3,4287,1998,699709168,20th Century Fox / Paramount Pictures
Toy Story 3,4729,2000,367884249,Pixar Animation Studios / Walt Disney
Black Panther 4,4473,2020,785326673,Marvel Studios / Walt Disney Studios
Toy Story 4,4774,1995,531109616,Pixar Animation Studios / Walt Disney
Avengers 2,4374,2003,621751275,Marvel Studios / Walt Disney Studios
Avatar 1,4731,2017,603825159,Marvel Studios / Walt Disney Studios
Toy Story 4,4516,2005,553529503,Pixar Animation Studios / Walt Disney
Interstellar 3,4197,2012,922232443,Paramount Pictures / Warner Bros. Pictures
The Dark Knight 3,4212,2010,761688718,Warner Bros. Pictures
Interstellar 2,4986,2023,486913680,Paramount Pictures / Warner Bros. Pictures
Toy Story 2,4059,2002,262920289,Pixar Animation Studios / Walt Disney
Titanic 2,4106,2015,933029306,20th Century Fox / Paramount Pictures
Toy Story 4,4493,2018,912511163,Pixar Animation Studios / Walt Disney
The Dark Knight 2,4969,1998,370734176,Warner Bros. Pictures
Titanic 3,4208,2012,839318689,20th Century Fox / Paramount Pictures
Inception 2,4172,2020,672102730,Warner Bros. Pictures
Titanic 3,4377,1999,315802170,20th Century Fox / Paramount Pictures
Inception 2,4878,2012,466947680,Warner Bros. Pictures
Frozen 2,4252,2020,241984273,Walt Disney Animation Studios
Interstellar 1,4989,2012,478027190,Paramount Pictures / Warner Bros. Pictures
Interstellar 1,4224,2003,957693465,Paramount Pictures / Warner Bros. Pictures
Black Panther 3,4329,2013,359733722,Marvel Studios / Walt Disney Studios
Joker 1,4182,2023,421193513,Warner Bros. Pictures
Joker 1,4635,2021,749690069,Warner Bros. Pictures
Interstellar 1,4035,2003,492378172,Paramount Pictures / Warner Bros. Pictures
Titanic 2,4804,2003,814421982,20th Century Fox / Paramount Pictures
Avatar 1,4144,2024,741836391,Marvel Studios / Walt Disney Studios
Joker 1,4198,2010,430830135,Warner Bros. Pictures
Toy Story 2,4172,2019,1015994766,Pixar Animation Studios / Walt Disney
Inception 4,4707,2006,423061063,Warner Bros. Pictures
Avatar 4,4125,2008,196628628,Marvel Studios / Walt Disney Studios
Frozen 2,4378,2009,456300939,Walt Disney Animation Studios
Frozen 1,4715,2007,472675657,Walt Disney Animation Studios
Avatar 4,4956,1998,624191506,Marvel Studios / Walt Disney Studios
Joker 1,4965,1998,859626432,Warner Bros. Pictures
Joker 3,4141,2005,617211865,Warner Bros. Pictures
Toy Story 2,4932,2015,327633936,Pixar Animation Studios / Walt Disney
Black Panther 2,4345,2022,504330337,Marvel Studios / Walt Disney Studios
Avengers 3,4422,2005,460321568,Marvel Studios / Walt Disney Studios
Titanic 1,4193,2013,578910853,20th Century Fox / Paramount Pictures
Interstellar 4,4769,2006,244620487,Paramount Pictures / Warner Bros. Pictures
The Dark Knight 4,4991,2019,731055077,Warner Bros. Pictures
Interstellar 3,4960,2004,888976351,Paramount Pictures / Warner Bros. Pictures
Titanic 1,4201,2016,179611134,20th Century Fox / Paramount Pictures
Toy Story 3,4428,2004,601331589,Pixar Animation Studios / Walt Disney
Black Panther 4,4023,2008,348741498,Marvel Studios / Walt Disney Studios
Avatar 4,4727,2012,422508429,Marvel Studios / Walt Disney Studios
Avengers 3,4845,2022,637627888,Marvel Studios / Walt Disney Studios
Avatar 4,4323,2019,948245302,Marvel Studios / Walt Disney Studios
Avengers 3,4461,2008,201900668,Marvel Studios / Walt Disney Studios
Black Panther 3,4585,2012,235068156,Marvel Studios / Walt Disney Studios
Interstellar 1,4302,2003,519143086,Paramount Pictures / Warner Bros. Pictures
Titanic 2,4009,1996,741607756,20th Century Fox / Paramount Pictures
Joker 4,4050,2017,735906859,Warner Bros. Pictures
The Dark Knight 1,4122,1996,186077906,
Titanic 3,4722,2003,819377887,20th Century Fox / Paramount Pictures
Frozen 2,4753,1996,366977237,Walt Disney Animation Studios
Titanic 4,4432,2001,991555076,20th Century Fox / Paramount Pictures
Frozen 3,4368,1998,413343002,Walt Disney Animation Studios
Black Panther 3,4685,2021,970487757,Marvel Studios / Walt Disney Studios
Titanic 3,4050,2016,414749818,20th Century Fox / Paramount Pictures
Avengers 3,4374,2003,500480680,Marvel Studios / Walt Disney Studios
Titanic 2,4456,1997,453186069,20th Century Fox / Paramount Pictures
The Dark Knight 4,4432,2021,819488953,Warner Bros. Pictures
The Dark Knight 3,4581,2014,865483094,Warner Bros. Pictures
Toy Story 1,4717,2012,668688225,Pixar Animation Studios / Walt Disney
Joker 3,4137,2024,746486873,Warner Bros. Pictures
Titanic 2,4494,2007,861928940,20th Century Fox / Paramount Pictures
Avengers 3,4694,2006,521768906,Marvel Studios / Walt Disney Studios
Avengers 2,4231,2012,203925448,Marvel Studios / Walt Disney Studios
Black Panther 3,4467,2024,995187913,Marvel Studios / Walt Disney Studios
Interstellar 3,4951,2013,347845895,Paramount Pictures / Warner Bros. Pictures
Interstellar 3,4854,2001,942172291,Paramount Pictures / Warner Bros. Pictures
The Dark Knight 2,4559,2018,283794738,Warner Bros. Pictures
Interstellar 1,4897,2008,888451093,Paramount Pictures / Warner Bros. Pictures
Avatar 1,4480,2005,890673852,Marvel Studios / Walt Disney Studios
Toy Story 1,4506,2006,558564145,Pixar Animation Studios / Walt Disney
Interstellar 1,4498,2014,313859025,Paramount Pictures / Warner Bros. Pictures
Inception 1,4718,2018,960199387,Warner Bros. Pictures
Avatar 4,4713,2006,485096860,Marvel Studios / Walt Disney Studios
Interstellar 4,4035,2015,409223844,Paramount Pictures / Warner Bros. Pictures
The Dark Knight 2,4181,1998,703479783,Warner Bros. Pictures
Avatar 3,4781,1998,651287847,Marvel Studios / Walt Disney Studios
Joker 1,4243,2014,982219207,Warner Bros. Pictures
Frozen 4,4288,2004,781908113,Walt Disney Animation Studios
Titanic 4,4576,2015,1022308758,20th Century Fox / Paramount Pictures
Frozen 3,4564,2000,221194314,Walt Disney Animation Studios
Inception 1,4096,2003,446909221,Warner Bros. Pictures
Avengers 3,4409,1999,704345505,Marvel Studios / Walt Disney Studios
Titanic 2,4245,2011,783844217,20th Century Fox / Paramount Pictures
Frozen 4,4740,2024,512322607,Walt Disney Animation Studios
Black Panther 3,4858,2006,240792215,Marvel Studios / Walt Disney Studios
Joker 1,4298,2001,523299455,Warner Bros. Pictures
Black Panther 4,4174,2022,724354327,Marvel Studios / Walt Disney Studios
Inception 4,4915,2006,750695337,Warner Bros. Pictures
Frozen 2,4097,2010,943103434,Walt Disney Animation Studios
The Dark Knight 2,4737,2005,763312846,Warner Bros. Pictures
Titanic 2,4828,2024,1009066721,20th Century Fox / Paramount Pictures
Interstellar 3,4166,2020,1022967909,Paramount Pictures / Warner Bros. Pictures
Toy Story 2,4598,2024,526422418,Pixar Animation Studios / Walt Disney
Frozen 4,4036,2015,280366536,Walt Disney Animation Studios
Avatar 1,4659,2017,660966682,Marvel Studios / Walt Disney Studios
Titanic 3,4839,2010,839765277,20th Century Fox / Paramount Pictures
Titanic 2,4266,2015,749519777,20th Century Fox / Paramount Pictures
Avengers 1,4898,2016,198602020,Marvel Studios / Walt Disney Studios
Toy Story 4,4036,1998,851602819,Pixar Animation Studios / Walt Disney
Joker 2,4506,2022,335240720,Warner Bros. Pictures
The Dark Knight 2,4819,2014,904811310,Warner Bros. Pictures
Titanic 2,4496,1998,823544801,20th Century Fox / Paramount Pictures
The Dark Knight 3,4364,2006,303927140,Warner Bros. Pictures
Inception 1,4792,2024,565101898,Warner Bros. Pictures
Avatar 3,4607,2005,1022652741,Marvel Studios / Walt Disney Studios
Avengers 1,4875,2018,228197616,Marvel Studios / Walt Disney Studios
Titanic 4,4168,2012,195213908,20th Century Fox / Paramount Pictures
Joker 3,4829,2002,846156843,Warner Bros. Pictures
Avatar 3,4954,2011,339035810,Marvel Studios / Walt Disney Studios
Interstellar 3,4610,2024,611418064,Paramount Pictures / Warner Bros. Pictures
Frozen 4,4175,2018,915863744,Walt Disney Animation Studios
Frozen 4,4341,2012,706114411,Walt Disney Animation Studios
Avengers 2,4364,2002,1002236165,Marvel Studios / Walt Disney Studios
Joker 2,4425,2018,649256058,Warner Bros. Pictures
Frozen 2,4985,2011,380518570,Walt Disney Animation Studios
The Dark Knight 2,4969,2012,925884709,Warner Bros. Pictures
Inception 2,4582,2017,670675005,Warner Bros. Pictures
Toy Story 4,4908,1995,712454870,Pixar Animation Studios / Walt Disney
Interstellar 3,4451,2014,802586449,Paramount Pictures / Warner Bros. Pictures
Frozen 4,4451,1995,353529779,Walt Disney Animation Studios
Titanic 1,4511,2001,323297872,20th Century Fox / Paramount Pictures
Joker 1,4564,2016,591038098,Warner Bros. Pictures
Titanic 2,4745,2012,581038001,20th Century Fox / Paramount Pictures
Frozen 2,4255,2014,877872626,Walt Disney Animation Studios
Black Panther 1,4922,2008,210406026,Marvel Studios / Walt Disney Studios
Avatar 4,4270,2021,689822703,Marvel Studios / Walt Disney Studios
Interstellar 1,4597,2005,668087920,Paramount Pictures / Warner Bros. Pictures
Frozen 4,4174,2002,223612256,Walt Disney Animation Studios
Toy Story 4,4093,2001,603782822,Pixar Animation Studios / Walt Disney
Black Panther 2,4742,2015,260558731,Marvel Studios / Walt Disney Studios
The Dark Knight 4,4355,1996,455809157,Warner Bros. Pictures
Frozen 4,4660,2002,730299967,Walt Disney Animation Studios
Titanic 4,4009,2024,615170591,20th Century Fox / Paramount Pictures
The Dark Knight 3,4871,1999,924919077,Warner Bros. Pictures
Joker 2,4487,2021,915436223,Warner Bros. Pictures
Toy Story 2,4470,1998,311340540,Pixar Animation Studios / Walt Disney
Avatar 2,4041,2010,659889648,Marvel Studios / Walt Disney Studios
Toy Story 1,4456,2011,691269097,Pixar Animation Studios / Walt Disney
Black Panther 3,4154,1995,1014358418,Marvel Studios / Walt Disney Studios
Interstellar 2,4838,2013,1020089890,Paramount Pictures / Warner Bros. Pictures
Avatar 1,4411,1995,573096703,Marvel Studios / Walt Disney Studios
Frozen 4,4934,2018,515274981,Walt Disney Animation Studios
Joker 2,4179,1995,447988544,Warner Bros. Pictures
Black Panther 3,4640,2007,541638984,Marvel Studios / Walt Disney Studios
Joker 4,4557,2013,412055777,Warner Bros. Pictures
Toy Story 1,4882,2023,520392939,Pixar Animation Studios / Walt Disney
Frozen 1,4012,2007,420771265,Walt Disney Animation Studios
Titanic 2,4312,2017,476142505,20th Century Fox / Paramount Pictures
The Dark Knight 3,4497,1995,567325115,Warner Bros. Pictures
Avengers 2,4205,2013,508157104,Marvel Studios / Walt Disney Studios
Joker 1,4781,2023,602051939,Warner Bros. Pictures
Inception 2,4537,1998,352528688,Warner Bros. Pictures
Toy Story 4,4218,2004,317640720,Pixar Animation Studios / Walt Disney
Black Panther 4,4738,2021,672730310,Marvel Studios / Walt Disney Studios
Frozen 3,4503,1997,349387093,Walt Disney Animation Studios
Interstellar 4,4086,2006,502150973,Paramount Pictures / Warner Bros. Pictures
Joker 3,4162,2013,876414514,Warner Bros. Pictures
Avatar 2,4766,1999,219425317,Marvel Studios / Walt Disney Studios
The Dark Knight 4,4685,2004,654952943,Warner Bros. Pictures
Toy Story 3,4243,2016,613216231,Pixar Animation Studios / Walt Disney
Interstellar 1,4876,2015,488073575,Paramount Pictures / Warner Bros. Pictures
Avengers 2,4267,2008,756010732,Marvel Studios / Walt Disney Studios
Avatar 2,4364,2016,863206106,Marvel Studios / Walt Disney Studios
Inception 1,4964,2024,684969489,Warner Bros. Pictures
Frozen 2,4162,2004,937430021,Walt Disney Animation Studios
Interstellar 3,4774,2018,337543881,Paramount Pictures / Warner Bros. Pictures
Black Panther 4,4155,2004,816256468,Marvel Studios / Walt Disney Studios
Black Panther 4,4109,2005,667339137,Marvel Studios / Walt Disney Studios
Titanic 2,4779,2006,947553328,20th Century Fox / Paramount Pictures
Interstellar 3,4353,2006,726020379,Paramount Pictures / Warner Bros. Pictures
Toy Story 2,4818,2016,409777275,Pixar Animation Studios / Walt Disney
Interstellar 4,4440,2008,754565598,Paramount Pictures / Warner Bros. Pictures
Avatar 1,4511,2009,908260496,Marvel Studios / Walt Disney Studios
Titanic 2,4005,2001,527529619,20th Century Fox / Paramount Pictures
Interstellar 1,4648,2009,749713844,Paramount Pictures / Warner Bros. Pictures
Joker 2,4935,2014,194195050,Warner Bros. Pictures
Frozen 4,4612,2014,194998647,Walt Disney Animation Studios
Black Panther 1,4670,2011,306772127,Marvel Studios / Walt Disney Studios
Inception 4,4455,2010,877459464,Warner Bros. Pictures
Titanic 4,4118,2008,449180288,20th Century Fox / Paramount Pictures
Titanic 3,4056,2021,305541812,20th Century Fox / Paramount Pictures
Toy Story 1,4486,2016,693488945,Pixar Animation Studios / Walt Disney
Black Panther 2,4828,1996,511505450,Marvel Studios / Walt Disney Studios
Inception 4,4738,2005,383924770,Warner Bros. Pictures
Inception 4,4128,2005,972857097,Warner Bros. Pictures
Avatar 3,4922,2004,510222857,Marvel Studios / Walt Disney Studios
Avatar 2,4900,1999,718255531,Marvel Studios / Walt Disney Studios
The Dark Knight 2,4365,1995,598754860,Warner Bros. Pictures
Avatar 1,4629,2002,791690309,Marvel Studios / Walt Disney Studios
Avatar 1,4650,2011,569090349,Marvel Studios / Walt Disney Studios
Joker 3,4407,2021,639911864,Warner Bros. Pictures
Black Panther 3,4944,2000,515434191,Marvel Studios / Walt Disney Studios
Inception 1,4771,1997,682428393,Warner Bros. Pictures
Interstellar 3,4916,2024,505460931,Paramount Pictures / Warner Bros. Pictures
Interstellar 3,4982,1998,276990806,Paramount Pictures / Warner Bros. Pictures
Avengers: Endgame,4140,2015,911803140,Marvel Studios / Walt Disney Studios
Titanic 1,4826,1996,292679825,20th Century Fox / Paramount Pictures
Toy Story 2,4577,2017,284153112,Pixar Animation Studios / Walt Disney
Avatar 2,4316,2022,207067541,Marvel Studios / Walt Disney Studios
Black Panther 4,4997,2002,363899537,Marvel Studios / Walt Disney Studios
Toy Story 4,4055,2000,982248049,Pixar Animation Studios / Walt Disney
Interstellar 2,4298,2017,921990050,Paramount Pictures / Warner Bros. Pictures
Black Panther 4,4061,2008,691588010,Marvel Studios / Walt Disney Studios
Toy Story 3,4815,2011,532945603,Pixar Animation Studios / Walt Disney
Avengers: Endgame,4323,2018,392654928,Marvel Studios / Walt Disney Studios
The Dark Knight 2,4944,1996,492666427,Warner Bros. Pictures
Inception 2,4826,2011,484511448,Warner Bros. Pictures
Avengers: Endgame,4993,2010,974943937,Marvel Studios / Walt Disney Studios
Black Panther 1,4661,2017,225975843,Marvel Studios / Walt Disney Studios
Frozen 3,4731,2013,412997182,Walt Disney Animation Studios
Inception 1,4987,2015,198846061,Warner Bros. Pictures
Frozen 3,4311,1998,439160364,Walt Disney Animation Studios
Joker 4,4236,2013,555892126,Warner Bros. Pictures
Inception 2,4562,1995,689943019,Warner Bros. Pictures
Interstellar 3,4781,2001,713308661,Paramount Pictures / Warner Bros. Pictures
Black Panther 4,4984,2017,456468146,Marvel Studios / Walt Disney Studios
Interstellar 1,4567,2009,657470954,Paramount Pictures / Warner Bros. Pictures
Joker 4,4222,2014,497604299,Warner Bros. Pictures
Frozen 4,4845,2006,961873788,Walt Disney Animation Studios
Avengers 1,4663,2024,214076137,Marvel Studios / Walt Disney Studios
Avengers 2,4125,2012,391276329,Marvel Studios / Walt Disney Studios
Interstellar 1,4851,2012,190047609,Paramount Pictures / Warner Bros. Pictures
Interstellar 4,4018,2012,654146402,Paramount Pictures / Warner Bros. Pictures
Interstellar 1,4255,1996,893743130,Paramount Pictures / Warner Bros. Pictures
Joker 1,4015,2006,811579749,Warner Bros. Pictures
Joker 1,4225,2006,1019144343,Warner Bros. Pictures
Interstellar 4,4857,2017,188608942,Paramount Pictures / Warner Bros. Pictures
The Dark Knight 4,4517,1999,991767516,Warner Bros. Pictures
The Dark Knight 2,4354,2008,622548130,Warner Bros. Pictures
Inception 2,4438,2002,377472365,Warner Bros. Pictures
Avatar 4,4924,2022,238267054,Marvel Studios / Walt Disney Studios
Joker 4,4680,1997,391187064,Warner Bros. Pictures
Inception 3,4012,1997,315609388,Warner Bros. Pictures
Interstellar 3,4109,2011,838139523,Paramount Pictures / Warner Bros. Pictures
Inception 3,4544,2001,832482554,Warner Bros. Pictures
Inception 4,4466,2002,209244281,Warner Bros. Pictures
The Dark Knight 4,4803,2021,473409053,Warner Bros. Pictures
Avengers 2,4125,2008,404019839,Marvel Studios / Walt Disney Studios
Frozen 3,4807,2004,450864080,Walt Disney Animation Studios
Interstellar 1,4324,2016,376475579,Paramount Pictures / Warner Bros. Pictures
Titanic 4,4839,2020,845501350,20th Century Fox / Paramount Pictures
The Dark Knight 4,4579,2016,904301396,Warner Bros. Pictures
Joker 3,4491,1995,955559071,Warner Bros. Pictures
The Dark Knight 4,4693,2023,898341920,Warner Bros. Pictures
Avengers 2,4600,2010,755765041,Marvel Studios / Walt Disney Studios
Toy Story 1,4518,2005,357749379,Pixar Animation Studios / Walt Disney
Avatar 1,4934,2009,276732376,Marvel Studios / Walt Disney Studios
Interstellar 2,4944,2010,983877517,Paramount Pictures / Warner Bros. Pictures
Inception 2,4591,2003,334385257,Warner Bros. Pictures
Black Panther 4,4402,2002,753908710,Marvel Studios / Walt Disney Studios
Toy Story 3,4561,2008,501414986,Pixar Animation Studios / Walt Disney
Toy Story 1,4319,2018,180370244,Pixar Animation Studios / Walt Disney
Inception 3,4948,2009,294636541,Warner Bros. Pictures
The Dark Knight 3,4315,1996,219634250,Warner Bros. Pictures
Frozen 4,4711,2015,554165219,Walt Disney Animation Studios
Frozen 4,4852,2017,745437576,Walt Disney Animation Studios
Inception 4,4338,2002,797606237,Warner Bros. Pictures
Titanic 1,4759,2005,869819416,20th Century Fox / Paramount Pictures
Avengers 3,4695,1997,815089377,Marvel Studios / Walt Disney Studios
Toy Story 1,4935,2004,439924484,Pixar Animation Studios / Walt Disney
Frozen 3,4254,2018,811657680,Walt Disney Animation Studios
Toy Story 1,4562,2011,926488251,Pixar Animation Studios / Walt Disney
Toy Story 2,4648,2012,814323598,Pixar Animation Studios / Walt Disney
Toy Story 1,4370,2023,788404539,Pixar Animation Studios / Walt Disney
Joker 2,4636,2012,734148781,Warner Bros. Pictures
The Dark Knight 1,4966,2004,412761234,
The Dark Knight 2,4539,2002,405008467,Warner Bros. Pictures
Frozen 4,4831,2009,984440314,Walt Disney Animation Studios
Avatar 4,4560,2020,181975101,Marvel Studios / Walt Disney Studios
Frozen 3,4020,2004,906178899,Walt Disney Animation Studios
Interstellar 2,4505,2018,252979992,Paramount Pictures / Warner Bros. Pictures
Inception 2,4607,2020,909096705,Warner Bros. Pictures
Titanic 4,4819,2024,920818792,20th Century Fox / Paramount Pictures
The Dark Knight 3,4022,2020,353098873,Warner Bros. Pictures
Black Panther 4,4181,2016,415330605,Marvel Studios / Walt Disney Studios
Joker 2,4374,2015,924435942,Warner Bros. Pictures
The Dark Knight 4,4226,2021,967421946,Warner Bros. Pictures
Titanic 4,4188,2009,355566521,20th Century Fox / Paramount Pictures
Toy Story 2,4991,2007,352796244,Pixar Animation Studios / Walt Disney
Avengers 1,4087,2005,756916635,Marvel Studios / Walt Disney Studios
The Dark Knight 4,4966,2019,583664969,Warner Bros. Pictures
The Dark Knight 3,4978,2010,706280041,Warner Bros. Pictures
Titanic 2,4253,2011,852737541,20th Century Fox / Paramount Pictures
Avatar 3,4942,2020,184140208,Marvel Studios / Walt Disney Studios
Avatar 3,4950,2009,266017859,Marvel Studios / Walt Disney Studios
Frozen 4,4683,2002,648369360,Walt Disney Animation Studios
Joker 3,4172,1997,307738414,Warner Bros. Pictures
Joker 3,4025,2022,646151630,Warner Bros. Pictures
Titanic 2,4755,1998,644270681,20th Century Fox / Paramount Pictures
Frozen 3,4617,2000,289717175,Walt Disney Animation Studios
Avengers 3,4916,2006,730194795,Marvel Studios / Walt Disney Studios
Inception 4,4507,2009,568421195,Warner Bros. Pictures
Interstellar 3,4033,2019,746559993,Paramount Pictures / Warner Bros. Pictures
Avatar 3,4025,2021,547862637,Marvel Studios / Walt Disney Studios
Avatar 4,4663,2018,202137942,Marvel Studios / Walt Disney Studios
Joker 1,4527,2023,435485816,Warner Bros. Pictures
Titanic 1,4051,2001,987896005,20th Century Fox / Paramount Pictures
Titanic 3,4509,2001,707022995,20th Century Fox / Paramount Pictures
The Dark Knight 2,4367,1999,962343495,Warner Bros. Pictures
Interstellar 4,4684,2005,952369176,Paramount Pictures / Warner Bros. Pictures
Toy Story 4,4667,2019,433357113,Pixar Animation Studios / Walt Disney
Avengers 3,4274,1998,259331353,Marvel Studios / Walt Disney Studios
Frozen 3,4520,2015,377921059,Walt Disney Animation Studios
Titanic 2,4376,2021,876830361,20th Century Fox / Paramount Pictures
The Dark Knight 2,4152,2004,477194527,Warner Bros. Pictures
Titanic 3,4765,2002,847117160,20th Century Fox / Paramount Pictures
Avatar 3,4762,2019,216659794,Marvel Studios / Walt Disney Studios
Toy Story 2,4051,2019,381493964,Pixar Animation Studios / Walt Disney
Avengers 2,4572,2019,636721867,Marvel Studios / Walt Disney Studios
Titanic 4,4116,2013,910054570,20th Century Fox / Paramount Pictures
Frozen 1,4248,2000,971172968,Walt Disney Animation Studios
Joker 1,4392,1998,466234229,Warner Bros. Pictures
Joker 4,4124,2013,325122658,Warner Bros. Pictures
Frozen 3,4951,2018,288269168,Walt Disney Animation Studios
Toy Story 3,4777,2001,215305761,Pixar Animation Studios / Walt Disney
Toy Story 3,4682,2005,678630625,Pixar Animation Studios / Walt Disney
Toy Story 3,4347,2019,861982666,Pixar Animation Studios / Walt Disney
Titanic 1,4405,2010,847518612,20th Century Fox / Paramount Pictures
Avatar 4,4170,1995,223782136,Marvel Studios / Walt Disney Studios
Frozen 2,4593,1995,581307087,Walt Disney Animation Studios
Joker 2,4572,2018,597315520,Warner Bros. Pictures
Avatar 3,4929,2019,932367947,Marvel Studios / Walt Disney Studios
Toy Story 1,4639,2019,226098517,Pixar Animation Studios / Walt Disney
Toy Story 3,4964,2016,668451802,Pixar Animation Studios / Walt Disney
Avengers 1,4514,2020,886451779,Marvel Studios / Walt Disney Studios
Frozen 1,4451,1996,368376108,Walt Disney Animation Studios
Avengers 1,4497,1999,894457657,Marvel Studios / Walt Disney Studios
Toy Story 1,4483,2021,561388518,Pixar Animation Studios / Walt Disney
The Dark Knight 1,4861,2022,978467936,
Titanic 1,4506,1995,849091721,20th Century Fox / Paramount Pictures
Avatar 1,4753,2018,388027600,Marvel Studios / Walt Disney Studios
Avatar 4,4388,2000,921262967,Marvel Studios / Walt Disney Studios
Black Panther 4,4256,2010,1018593377,Marvel Studios / Walt Disney Studios
Black Panther 1,4502,2004,731983775,Marvel Studios / Walt Disney Studios
Toy Story 1,4491,2017,399701346,Pixar Animation Studios / Walt Disney
Frozen 3,4962,2014,371700960,Walt Disney Animation Studios
Black Panther 2,4544,2004,797620643,Marvel Studios / Walt Disney Studios
Frozen 4,4001,2004,791956412,Walt Disney Animation Studios
Avengers 2,4061,2009,749347680,Marvel Studios / Walt Disney Studios
Avatar 1,4810,1995,236343938,Marvel Studios / Walt Disney Studios
Avatar 1,4341,2008,771064350,Marvel Studios / Walt Disney Studios
Joker 2,4178,2003,471486241,Warner Bros. Pictures
Black Panther 4,4628,2007,993916075,Marvel Studios / Walt Disney Studios
The Dark Knight 2,4934,1998,744018353,Warner Bros. Pictures
Joker 1,4529,2004,1013906000,Warner Bros. Pictures
Frozen 4,4848,2004,630641866,Walt Disney Animation Studios
Interstellar 3,4265,2002,330848860,Paramount Pictures / Warner Bros. Pictures
Avatar,4997,2009,884807625,Marvel Studios / Walt Disney Studios
Avatar,4416,2009,884807625,Marvel Studios / Walt Disney Studios
Frozen 3,4603,2017,542272244,Walt Disney Animation Studios
Avengers 3,4006,2019,192810243,Marvel Studios / Walt Disney Studios
Inception 2,4574,2005,447479840,Warner Bros. Pictures
Titanic 4,4340,2022,210534702,20th Century Fox / Paramount Pictures
Avatar 3,4726,2024,897588829,Marvel Studios / Walt Disney Studios
Inception 4,4117,1995,778463161,Warner Bros. Pictures
Titanic 2,4463,2007,547485197,20th Century Fox / Paramount Pictures
Interstellar 3,4349,2024,1014528473,Paramount Pictures / Warner Bros. Pictures
Frozen 4,4517,2022,577202640,Walt Disney Animation Studios
Black Panther 2,4723,1995,484992757,Marvel Studios / Walt Disney Studios
Avatar 3,4393,1999,201018807,Marvel Studios / Walt Disney Studios
Avatar 2,4000,1996,781141844,Marvel Studios / Walt Disney Studios
Toy Story 1,4290,2015,883569704,Pixar Animation Studios / Walt Disney
Frozen 2,4255,2006,225870575,Walt Disney Animation Studios
The Dark Knight 3,4677,2008,526889057,Warner Bros. Pictures
Inception 3,4764,2007,580711403,Warner Bros. Pictures
Avengers 2,4287,2013,902508717,Marvel Studios / Walt Disney Studios
Black Panther 2,4937,2015,959167499,Marvel Studios / Walt Disney Studios
Joker 3,4687,1999,770822848,Warner Bros. Pictures
Avatar 1,4328,2024,593703698,Marvel Studios / Walt Disney Studios
Joker 4,4373,2015,1011857245,Warner Bros. Pictures
Avatar 3,4672,2007,804908384,Marvel Studios / Walt Disney Studios
Frozen 1,4791,2009,821066506,Walt Disney Animation Studios
Toy Story 3,4604,2019,567567366,Pixar Animation Studios / Walt Disney
Black Panther 4,4640,2021,655071767,Marvel Studios / Walt Disney Studios
Black Panther 2,4365,2001,731105676,Marvel Studios / Walt Disney Studios
Inception 3,4695,2021,377901809,Warner Bros. Pictures
Avengers 1,4050,2019,934525395,Marvel Studios / Walt Disney Studios
Interstellar 1,4313,2003,785519887,Paramount Pictures / Warner Bros. Pictures
Toy Story 3,4999,2003,782091111,Pixar Animation Studios / Walt Disney
Inception 3,4024,2009,345672339,Warner Bros. Pictures
Black Panther 2,4412,2022,835135466,Marvel Studios / Walt Disney Studios
The Dark Knight 4,4076,2010,326309852,Warner Bros. Pictures
Joker 3,4354,2014,404681003,Warner Bros. Pictures
Black Panther 2,4331,2012,624407545,Marvel Studios / Walt Disney Studios
The Dark Knight 3,4914,2011,636692420,Warner Bros. Pictures
Black Panther 3,4308,1998,668065717,Marvel Studios / Walt Disney Studios
Interstellar 3,4482,2024,832946201,Paramount Pictures / Warner Bros. Pictures
Interstellar 3,4319,2004,230266858,Paramount Pictures / Warner Bros. Pictures
Titanic 2,4181,2008,755504966,20th Century Fox / Paramount Pictures
Toy Story 2,4439,2008,870598708,Pixar Animation Studios / Walt Disney
Interstellar 3,4590,2012,188346692,Paramount Pictures / Warner Bros. Pictures
Black Panther 1,4309,2004,716779997,Marvel Studios / Walt Disney Studios
The Dark Knight 2,4424,2022,961874216,Warner Bros. Pictures
Titanic 3,4283,2018,978227216,20th Century Fox / Paramount Pictures
Interstellar 1,4215,2001,389375999,Paramount Pictures / Warner Bros. Pictures
Black Panther 4,4531,2009,319401431,Marvel Studios / Walt Disney Studios
Interstellar 1,4827,2001,644428057,Paramount Pictures / Warner Bros. Pictures
Avatar 4,4889,2021,962252126,Marvel Studios / Walt Disney Studios
Frozen 1,4618,2016,785747256,Walt Disney Animation Studios
Toy Story 1,4284,2017,726525538,Pixar Animation Studios / Walt Disney
Interstellar 3,4569,2009,933488184,Paramount Pictures / Warner Bros. Pictures
Interstellar 1,4560,1999,433436304,Paramount Pictures / Warner Bros. Pictures
Toy Story 4,4274,2005,864304102,Pixar Animation Studios / Walt Disney
Inception 2,4621,2016,231702097,Warner Bros. Pictures
Avatar 3,4527,2012,308229928,Marvel Studios / Walt Disney Studios
The Dark Knight 1,4206,1998,634102075,
Joker 2,4905,2001,274713979,Warner Bros. Pictures
Titanic 1,4222,2004,280506633,20th Century Fox / Paramount Pictures
Avatar 3,4449,2006,548971422,Marvel Studios / Walt Disney Studios
The Dark Knight 2,4365,2017,787258925,Warner Bros. Pictures
Interstellar 4,4204,2018,577499709,Paramount Pictures / Warner Bros. Pictures
Titanic 4,4390,2021,467145811,20th Century Fox / Paramount Pictures
Black Panther 4,4501,2019,712108099,Marvel Studios / Walt Disney Studios
Toy Story 1,4307,2009,894198733,Pixar Animation Studios / Walt Disney
Titanic 1,4626,2020,624818434,20th Century Fox / Paramount Pictures
The Dark Knight 2,4573,2014,772104047,Warner Bros. Pictures
Avatar 2,4331,2023,481996569,Marvel Studios / Walt Disney Studios
Joker 4,4260,2017,659813436,Warner Bros. Pictures
Joker 2,4124,2019,664066427,Warner Bros. Pictures
Toy Story 1,4514,2015,530215413,Pixar Animation Studios / Walt Disney
Interstellar 3,4589,2018,839575439,Paramount Pictures / Warner Bros. Pictures
Avengers 2,4010,1998,822079919,Marvel Studios / Walt Disney Studios
Frozen 2,4839,2004,447688933,Walt Disney Animation Studios
Interstellar 2,4775,2009,430387177,Paramount Pictures / Warner Bros. Pictures
Frozen 3,4538,2015,914421342,Walt Disney Animation Studios
Frozen 2,4712,1998,926041274,Walt Disney Animation Studios
Joker 3,4877,2006,309638750,Warner Bros. Pictures
Toy Story 4,4445,1995,876757212,Pixar Animation Studios / Walt Disney
Avengers 3,4212,2016,579490295,Marvel Studios / Walt Disney Studios
Titanic 4,4334,2017,453036885,20th Century Fox / Paramount Pictures
Interstellar 1,4233,2011,758611810,Paramount Pictures / Warner Bros. Pictures
Frozen 4,4084,2011,342879665,Walt Disney Animation Studios
Joker 3,4654,2005,349138744,Warner Bros. Pictures
The Dark Knight 2,4128,2014,752048345,Warner Bros. Pictures
Toy Story 1,4610,2006,269938616,Pixar Animation Studios / Walt Disney
Toy Story 3,4883,2015,393481502,Pixar Animation Studios / Walt Disney
Avengers 1,4871,2004,452024939,Marvel Studios / Walt Disney Studios
Avengers 1,4403,2004,412166138,Marvel Studios / Walt Disney Studios
Toy Story 2,4486,2013,746199269,Pixar Animation Studios / Walt Disney
Avengers 2,4644,1999,874257516,Marvel Studios / Walt Disney Studios
Avatar 2,4478,2015,281935009,Marvel Studios / Walt Disney Studios
Titanic 2,4745,2022,500057789,20th Century Fox / Paramount Pictures
Avatar 3,4007,2018,181396705,Marvel Studios / Walt Disney Studios
Inception 2,4048,2019,785555538,Warner Bros. Pictures
Toy Story 1,4806,2018,869610629,Pixar Animation Studios / Walt Disney
Inception 4,4219,2018,988123256,Warner Bros. Pictures
Avengers 2,4110,2011,564300849,Marvel Studios / Walt Disney Studios
Avatar 1,4887,2003,469827722,Marvel Studios / Walt Disney Studios
Avatar 1,4742,1998,921482504,Marvel Studios / Walt Disney Studios
The Dark Knight 2,4176,2006,932847426,Warner Bros. Pictures
Frozen 3,4736,2008,905926938,Walt Disney Animation Studios
Titanic 2,4740,2007,696342716,20th Century Fox / Paramount Pictures
Frozen 2,4122,2023,390289052,Walt Disney Animation Studios
Joker 3,4470,2023,308309918,Warner Bros. Pictures
Titanic 2,4619,2008,826745680,20th Century Fox / Paramount Pictures
Joker 1,4412,1998,836736098,Warner Bros. Pictures
Joker 4,4330,2006,275269000,Warner Bros. Pictures
Black Panther 4,4512,2009,345130306,Marvel Studios / Walt Disney Studios
Black Panther 2,4024,2016,402119746,Marvel Studios / Walt Disney Studios
Titanic,4120,1997,783663944,20th Century Fox / Paramount Pictures
Black Panther 4,4243,2021,407116042,Marvel Studios / Walt Disney Studios
Avatar 4,4307,2009,507894053,Marvel Studios / Walt Disney Studios
The Dark Knight 1,4997,2013,442480618,
Inception 2,4651,2013,210536735,Warner Bros. Pictures
Joker 1,4235,2005,534574903,Warner Bros. Pictures
Interstellar 2,4643,2000,620084922,Paramount Pictures / Warner Bros. Pictures
Toy Story 1,4174,2007,846551478,Pixar Animation Studios / Walt Disney
Black Panther 3,4193,1998,605654959,Marvel Studios / Walt Disney Studios
Inception 1,4889,2008,330976161,Warner Bros. Pictures
Joker 1,4301,2003,573809943,Warner Bros. Pictures
Titanic 2,4675,2015,359186636,20th Century Fox / Paramount Pictures
Black Panther 4,4494,1995,859699745,Marvel Studios / Walt Disney Studios
Avengers 2,4000,2013,607462265,Marvel Studios / Walt Disney Studios
Avengers: Endgame,4912,2007,761013475,Marvel Studios / Walt Disney Studios
The Dark Knight 1,4329,2007,634196306,
Black Panther 1,4177,2015,662900760,Marvel Studios / Walt Disney Studios
Frozen 3,4364,2022,356693093,Walt Disney Animation Studios
Toy Story 2,4156,2003,407846675,Pixar Animation Studios / Walt Disney
The Dark Knight 3,4945,2006,473894364,Warner Bros. Pictures
Joker 2,4500,1998,840461836,Warner Bros. Pictures
Interstellar 4,4790,2023,723274159,Paramount Pictures / Warner Bros. Pictures
Frozen 1,4288,2000,523175820,Walt Disney Animation Studios
Avatar 4,4605,1998,658343881,Marvel Studios / Walt Disney Studios
Toy Story 1,4406,2013,690171564,Pixar Animation Studios / Walt Disney
Avengers 3,4102,2024,259203538,Marvel Studios / Walt Disney Studios
Avengers: Endgame,4767,2002,350188911,Marvel Studios / Walt Disney Studios
Black Panther 2,4883,2003,348607548,Marvel Studios / Walt Disney Studios
Frozen 4,4319,2022,523040188,Walt Disney Animation Studios
The Dark Knight 2,4937,2023,634392483,Warner Bros. Pictures
Frozen 3,4273,2008,470955661,Walt Disney Animation Studios
Toy Story 4,4773,2012,798144098,Pixar Animation Studios / Walt Disney
Joker 3,4627,2002,677037857,Warner Bros. Pictures
Frozen 3,4733,2022,743619261,Walt Disney Animation Studios
Titanic 2,4009,2009,591055398,20th Century Fox / Paramount Pictures
Interstellar 2,4470,2019,385682140,Paramount Pictures / Warner Bros. Pictures
Joker 2,4789,2006,461158261,Warner Bros. Pictures
Inception 1,4187,2006,432051931,Warner Bros. Pictures
Frozen 2,4005,2020,217692503,Walt Disney Animation Studios
The Dark Knight 2,4822,2017,509694677,Warner Bros. Pictures
Avengers 1,4696,2003,993556943,Marvel Studios / Walt Disney Studios
Avengers 1,4008,2001,885178470,Marvel Studios / Walt Disney Studios
The Dark Knight 2,4732,2021,576816413,Warner Bros. Pictures
Avatar 1,4756,2005,827725145,Marvel Studios / Walt Disney Studios
Inception 1,4690,1995,441514660,Warner Bros. Pictures
Avatar 2,4222,2009,788098042,Marvel Studios / Walt Disney Studios
Toy Story 1,4623,2019,814006201,Pixar Animation Studios / Walt Disney
Toy Story 3,4070,2003,961773339,Pixar Animation Studios / Walt Disney
Titanic 2,4086,2004,845372847,20th Century Fox / Paramount Pictures
Joker 1,4152,2007,792828186,Warner Bros. Pictures
Titanic 3,4196,2004,720012034,20th Century Fox / Paramount Pictures
Joker 4,4799,2023,365829557,Warner Bros. Pictures
Inception 3,4897,2021,515265075,Warner Bros. Pictures
Frozen 4,4565,2022,657272087,Walt Disney Animation Studios
Inception 3,4349,2023,494385296,Warner Bros. Pictures
Black Panther 1,4841,2020,366580760,Marvel Studios / Walt Disney Studios
Frozen 2,4051,2000,448746353,Walt Disney Animation Studios
Inception 1,4807,2017,610050007,Warner Bros. Pictures
Avatar 4,4635,2021,548154354,Marvel Studios / Walt Disney Studios
Toy Story 1,4015,2015,984577569,Pixar Animation Studios / Walt Disney
Titanic 1,4066,2021,750663987,20th Century Fox / Paramount Pictures
Joker 3,4859,1996,434326083,Warner Bros. Pictures
Titanic 2,4040,2016,494345605,20th Century Fox / Paramount Pictures
Avengers 3,4247,2006,509988038,Marvel Studios / Walt Disney Studios
The Dark Knight 1,4108,2005,209850385,
The Dark Knight 2,4002,2017,346547620,Warner Bros. Pictures
Interstellar 4,4600,2000,735108775,Paramount Pictures / Warner Bros. Pictures
Inception 2,4336,2013,668010052,Warner Bros. Pictures
The Dark Knight 1,4591,2012,476702769,
The Dark Knight 2,4562,2005,325041415,Warner Bros. Pictures
Interstellar 4,4265,2007,702935197,Paramount Pictures / Warner Bros. Pictures
Black Panther 1,4742,2014,459383179,Marvel Studios / Walt Disney Studios
The Dark Knight 1,4201,2017,406591817,
Titanic 4,4503,2014,1007849250,20th Century Fox / Paramount Pictures
Interstellar 1,4511,2021,189730570,Paramount Pictures / Warner Bros. Pictures
Interstellar 2,4345,2006,679893441,Paramount Pictures / Warner Bros. Pictures
Joker 4,4859,2020,697575019,Warner Bros. Pictures
Avengers: Endgame,4589,2024,889116632,Marvel Studios / Walt Disney Studios
Avengers: Endgame,4322,2020,846416818,Marvel Studios / Walt Disney Studios
Black Panther 2,4698,2016,207727312,Marvel Studios / Walt Disney Studios
Frozen 3,4012,2021,410406190,Walt Disney Animation Studios
Avatar 4,4606,1999,285992025,Marvel Studios / Walt Disney Studios
Avatar 3,4130,1995,970430691,Marvel Studios / Walt Disney Studios
The Dark Knight 1,4854,2014,797216242,
The Dark Knight 2,4505,2004,573159277,Warner Bros. Pictures
The Dark Knight 3,4372,2015,559642896,Warner Bros. Pictures
The Dark Knight 1,4288,2024,385044773,
Joker 1,4650,2005,508137723,Warner Bros. Pictures
Interstellar 1,4402,1998,483393244,Paramount Pictures / Warner Bros. Pictures
Joker 1,4189,2009,909249991,Warner Bros. Pictures
Inception 2,4774,2004,499123393,Warner Bros. Pictures
Inception 4,4775,2023,894188916,Warner Bros. Pictures
Joker 3,4397,2005,572361220,Warner Bros. Pictures
Interstellar 4,4097,2017,274576734,Paramount Pictures / Warner Bros. Pictures
Black Panther 1,4568,2014,425040765,Marvel Studios / Walt Disney Studios
Interstellar 4,4006,2006,890045654,Paramount Pictures / Warner Bros. Pictures
Black Panther 1,4457,2023,259407035,Marvel Studios / Walt Disney Studios
Toy Story 4,4911,2013,941675884,Pixar Animation Studios / Walt Disney
Joker 4,4936,2022,745759059,Warner Bros. Pictures
Toy Story 4,4940,2018,991228964,Pixar Animation Studios / Walt Disney
Frozen 2,4836,2011,893832144,Walt Disney Animation Studios
Titanic 2,4611,2000,679208877,20th Century Fox / Paramount Pictures
Frozen 4,4400,2023,301559919,Walt Disney Animation Studios
Interstellar 3,4175,2008,232851458,Paramount Pictures / Warner Bros. Pictures
Avatar 3,4566,2000,221255390,Marvel Studios / Walt Disney Studios
Inception 4,4083,1999,779762503,Warner Bros. Pictures
Toy Story 4,4322,2024,500583105,Pixar Animation Studios / Walt Disney
Black Panther 2,4396,2015,793857884,Marvel Studios / Walt Disney Studios
Interstellar 3,4519,2023,625292875,Paramount Pictures / Warner Bros. Pictures
Avatar 2,4902,2004,238682770,Marvel Studios / Walt Disney Studios
Frozen 4,4335,2009,974880086,Walt Disney Animation Studios
Inception 3,4966,2016,467789540,Warner Bros. Pictures
Avatar 1,4295,2000,820389883,Marvel Studios / Walt Disney Studios
Interstellar 1,4829,2006,681571776,Paramount Pictures / Warner Bros. Pictures
Inception 1,4101,2007,436394938,Warner Bros. Pictures
Frozen 4,4446,2022,298951793,Walt Disney Animation Studios
Black Panther 2,4598,2007,286612277,Marvel Studios / Walt Disney Studios
Black Panther 4,4307,2011,773998126,Marvel Studios / Walt Disney Studios
Inception 3,4839,2013,302916536,Warner Bros. Pictures
Avengers: Endgame,4275,1998,461620959,Marvel Studios / Walt Disney Studios
Avatar 2,4161,2024,383911167,Marvel Studios / Walt Disney Studios
Titanic 3,4266,2013,699866633,20th Century Fox / Paramount Pictures
Avatar 3,4007,2013,778549460,Marvel Studios / Walt Disney Studios
Black Panther 2,4758,1997,804195560,Marvel Studios / Walt Disney Studios
Joker 1,4159,1997,352869788,Warner Bros. Pictures
Black Panther 1,4040,2015,338355080,Marvel Studios / Walt Disney Studios
Titanic 2,4948,2009,222622374,20th Century Fox / Paramount Pictures
Interstellar 2,4551,2006,707715219,Paramount Pictures / Warner Bros. Pictures
Avengers 3,4622,2003,227326746,Marvel Studios / Walt Disney Studios
Titanic 2,4837,1996,799940322,20th Century Fox / Paramount Pictures
Black Panther 1,4361,2006,815167740,Marvel Studios / Walt Disney Studios
Joker 3,4019,2012,582758399,Warner Bros. Pictures
Inception 2,4161,2010,346112288,Warner Bros. Pictures
Joker 3,4619,2006,970324528,Warner Bros. Pictures
Frozen 3,4824,2024,995476637,Walt Disney Animation Studios
Inception 1,4095,2008,400723444,Warner Bros. Pictures
Interstellar 1,4753,2017,451133840,Paramount Pictures / Warner Bros. Pictures
Titanic 2,4113,2003,978368301,20th Century Fox / Paramount Pictures
The Dark Knight 1,4571,2007,319822380,
Titanic 1,4329,2008,189067464,20th Century Fox / Paramount Pictures
Joker 2,4530,2024,832098811,Warner Bros. Pictures
Black Panther 4,4571,2014,942692020,Marvel Studios / Walt Disney Studios
Interstellar 4,4417,1998,330345761,Paramount Pictures / Warner Bros. Pictures
Avatar 3,4032,2021,604784395,Marvel Studios / Walt Disney Studios
Frozen 2,4198,2009,666232442,Walt Disney Animation Studios
Joker 2,4733,2016,278606584,Warner Bros. Pictures
Inception 2,4703,2019,955759567,Warner Bros. Pictures
Avengers: Endgame,4748,2021,294953685,Marvel Studios / Walt Disney Studios
Avatar 1,4321,2003,309588480,Marvel Studios / Walt Disney Studios
Black Panther 2,4089,2014,839068635,Marvel Studios / Walt Disney Studios
Avengers 1,4524,2016,1004571377,Marvel Studios / Walt Disney Studios
Frozen 1,4937,2019,315148269,Walt Disney Animation Studios
Toy Story 3,4927,1998,483626375,Pixar Animation Studios / Walt Disney
Frozen 1,4740,2016,964913363,Walt Disney Animation Studios
Joker 2,4669,1999,907325150,Warner Bros. Pictures
Inception 1,4093,2010,791404098,Warner Bros. Pictures
Inception 3,4086,2024,637865034,Warner Bros. Pictures
Inception 1,4995,2012,834059715,Warner Bros. Pictures
Inception 2,4513,2018,342328254,Warner Bros. Pictures
Interstellar 2,4865,2011,652934625,Paramount Pictures / Warner Bros. Pictures
The Dark Knight 4,4877,2021,374101098,Warner Bros. Pictures
Frozen 4,4773,1999,818313986,Walt Disney Animation Studios
Avatar 1,4901,2014,912846096,Marvel Studios / Walt Disney Studios
Titanic 2,4937,2003,671987958,20th Century Fox / Paramount Pictures
Inception 4,4975,2002,457356903,Warner Bros. Pictures
Interstellar 1,4004,2017,438753328,Paramount Pictures / Warner Bros. Pictures
Avatar 1,4256,1997,539737859,Marvel Studios / Walt Disney Studios
Avengers 2,4885,2020,563515491,Marvel Studios / Walt Disney Studios
The Dark Knight 2,4600,2021,525003229,Warner Bros. Pictures
Inception 1,4676,2001,707527180,Warner Bros. Pictures
Inception 2,4902,2003,748086336,Warner Bros. Pictures
Inception 2,4833,1998,1024148473,Warner Bros. Pictures
Frozen 4,4233,2002,180629011,Walt Disney Animation Studios
Toy Story 4,4752,2017,792735428,Pixar Animation Studios / Walt Disney
Avatar 2,4160,2013,716316584,Marvel Studios / Walt Disney Studios
Frozen 4,4030,2020,622040382,Walt Disney Animation Studios
Inception 4,4204,2023,464040451,Warner Bros. Pictures
Avengers 3,4867,2021,807501946,Marvel Studios / Walt Disney Studios
Avatar 1,4939,2004,353278282,Marvel Studios / Walt Disney Studios
Avengers 1,4762,2009,891674098,Marvel Studios / Walt Disney Studios
Titanic 3,4721,2015,888302438,20th Century Fox / Paramount Pictures
Titanic 1,4335,2020,208938928,20th Century Fox / Paramount Pictures
Titanic 1,4973,2005,693057182,20th Century Fox / Paramount Pictures
Frozen 2,4163,2008,925787932,Walt Disney Animation Studios
Toy Story 2,4189,2014,713235435,Pixar Animation Studios / Walt Disney
Frozen 3,4686,2004,557726064,Walt Disney Animation Studios
Joker 2,4018,2017,823428926,Warner Bros. Pictures
Joker 4,4287,2017,423144572,Warner Bros. Pictures
Frozen 2,4067,2002,754135157,Walt Disney Animation Studios
Frozen 4,4446,2023,998082411,Walt Disney Animation Studios
Avengers: Endgame,4024,2005,945024829,Marvel Studios / Walt Disney Studios
Avatar 2,4230,2003,622737082,Marvel Studios / Walt Disney Studios
Avatar 2,4743,2019,551514512,Marvel Studios / Walt Disney Studios
Toy Story 4,4021,2005,751175412,Pixar Animation Studios / Walt Disney
Toy Story 2,4280,2012,988821719,Pixar Animation Studios / Walt Disney
Frozen 3,4689,2008,805923580,Walt Disney Animation Studios
Avengers 1,4439,2001,436894580,Marvel Studios / Walt Disney Studios
Toy Story 2,4413,2000,574138459,Pixar Animation Studios / Walt Disney
Frozen 2,4220,1998,571735155,Walt Disney Animation Studios
Frozen 2,4748,1997,219489446,Walt Disney Animation Studios
Toy Story 1,4726,2015,184186303,Pixar Animation Studios / Walt Disney
Avengers 1,4193,2022,432511242,Marvel Studios / Walt Disney Studios
Avatar 4,4165,2016,778679747,Marvel Studios / Walt Disney Studios
Toy Story 4,4368,2008,930938677,Pixar Animation Studios / Walt Disney
Titanic 4,4602,2006,741098318,20th Century Fox / Paramount Pictures
Interstellar 4,4319,2005,816189975,Paramount Pictures / Warner Bros. Pictures
The Dark Knight 3,4278,1996,826042217,Warner Bros. Pictures
The Dark Knight 2,4338,1998,521491093,Warner Bros. Pictures
Inception 3,4383,2000,383425640,Warner Bros. Pictures
Interstellar 2,4103,2016,974645139,Paramount Pictures / Warner Bros. Pictures
The Dark Knight 3,4302,2020,467698844,Warner Bros. Pictures
Joker 4,4985,2000,185546467,Warner Bros. Pictures
Avengers 2,4868,2023,944839095,Marvel Studios / Walt Disney Studios
Frozen 4,4815,2015,447264104,Walt Disney Animation Studios
Titanic 4,4483,2003,600046725,20th Century Fox / Paramount Pictures
The Dark Knight 1,4634,2011,786459177,
Avengers 2,4571,2012,303212442,Marvel Studios / Walt Disney Studios
Interstellar 2,4904,2011,666241748,Paramount Pictures / Warner Bros. Pictures
Avengers 3,4209,1996,669704086,Marvel Studios / Walt Disney Studios
The Dark Knight 4,4287,2021,475605067,Warner Bros. Pictures
Avengers 2,4365,2001,691458377,Marvel Studios / Walt Disney Studios
Frozen 1,4091,2001,293140117,Walt Disney Animation Studios
Toy Story 3,4856,2017,794571494,Pixar Animation Studios / Walt Disney
Titanic 3,4006,2017,382624536,20th Century Fox / Paramount Pictures
Black Panther 1,4336,2009,812186585,Marvel Studios / Walt Disney Studios
Joker 4,4174,2001,955764598,Warner Bros. Pictures
Inception 4,4040,2007,176542558,Warner Bros. Pictures
Frozen 1,4774,2020,633720000,Walt Disney Animation Studios
Frozen 4,4951,2009,592215836,Walt Disney Animation Studios
The Dark Knight 3,4625,2011,200206655,Warner Bros. Pictures
Avengers: Endgame,4825,2002,620281508,Marvel Studios / Walt Disney Studios
Avatar 2,4195,1995,726945774,Marvel Studios / Walt Disney Studios
Toy Story 2,4913,2017,749760394,Pixar Animation Studios / Walt Disney
The Dark Knight 3,4744,2022,916506810,Warner Bros. Pictures
Joker 4,4873,2018,851885223,Warner Bros. Pictures
Toy Story 3,4379,2003,271323749,Pixar Animation Studios / Walt Disney
Avengers 3,4255,1996,458178779,Marvel Studios / Walt Disney Studios
Avengers: Endgame,4210,1996,670946640,Marvel Studios / Walt Disney Studios
Joker 3,4472,2007,1009734093,Warner Bros. Pictures
Inception 3,4299,2004,491413227,Warner Bros. Pictures
Inception 2,4883,2001,278258207,Warner Bros. Pictures
Toy Story 3,4041,2016,475445720,Pixar Animation Studios / Walt Disney
Inception 2,4318,1998,448263264,Warner Bros. Pictures
Black Panther 4,4686,2003,868134371,Marvel Studios / Walt Disney Studios
Interstellar 4,4862,2006,336920583,Paramount Pictures / Warner Bros. Pictures
Avengers 3,4970,2020,339604714,Marvel Studios / Walt Disney Studios
Joker 3,4945,1998,889935050,Warner Bros. Pictures
Avengers 3,4631,2022,484385351,Marvel Studios / Walt Disney Studios
Joker 4,4760,2024,725130908,Warner Bros. Pictures
Frozen 1,4260,2024,793828507,Walt Disney Animation Studios
Titanic 2,4193,2019,940722252,20th Century Fox / Paramount Pictures
Toy Story 1,4060,2009,769682346,Pixar Animation Studios / Walt Disney
Frozen 3,4567,2002,624827075,Walt Disney Animation Studios
Avatar 1,4568,1996,639996522,Marvel Studios / Walt Disney Studios
Avengers 2,4263,2006,988099615,Marvel Studios / Walt Disney Studios
Toy Story 1,4639,2007,673953527,Pixar Animation Studios / Walt Disney
Frozen 2,4984,2001,891022337,Walt Disney Animation Studios
The Dark Knight 4,4777,2000,229761893,Warner Bros. Pictures
The Dark Knight 4,4201,2004,592543114,Warner Bros. Pictures
Titanic 1,4313,2016,671873185,20th Century Fox / Paramount Pictures
Interstellar 4,4373,2009,302823672,Paramount Pictures / Warner Bros. Pictures
Avengers 1,4466,2024,811462835,Marvel Studios / Walt Disney Studios
Avatar 4,4474,2018,377260754,Marvel Studios / Walt Disney Studios
Interstellar 3,4974,2012,233163532,Paramount Pictures / Warner Bros. Pictures
Inception 4,4173,2011,552366865,Warner Bros. Pictures
The Dark Knight 1,4500,2018,215376894,
Toy Story 2,4876,2012,478451422,Pixar Animation Studios / Walt Disney
Inception 2,4646,1995,392359585,Warner Bros. Pictures
Interstellar 1,4587,2003,770717794,Paramount Pictures / Warner Bros. Pictures
Toy Story 4,4731,2019,996137594,Pixar Animation Studios / Walt Disney
Titanic 1,4531,2010,906974984,20th Century Fox / Paramount Pictures
Avengers 2,4821,2001,239095278,Marvel Studios / Walt Disney Studios
Interstellar 2,4306,2001,906825167,Paramount Pictures / Warner Bros. Pictures
Avengers 1,4863,2001,551835345,Marvel Studios / Walt Disney Studios
Joker 4,4400,1996,930842153,Warner Bros. Pictures
Avengers 1,4069,2021,675465081,Marvel Studios / Walt Disney Studios
Avengers: Endgame,4679,2006,1004151716,Marvel Studios / Walt Disney Studios
Frozen 2,4531,2021,294374086,Walt Disney Animation Studios
Avengers 3,4234,2019,940971601,Marvel Studios / Walt Disney Studios
Inception 3,4936,2013,931749504,Warner Bros. Pictures
Joker 1,4335,2010,632909982,Warner Bros. Pictures
Interstellar 4,4664,2003,224559109,Paramount Pictures / Warner Bros. Pictures
Titanic 3,4221,2004,957703702,20th Century Fox / Paramount Pictures
The Dark Knight 3,4047,2020,443296724,Warner Bros. Pictures
Inception 4,4927,1996,931938302,Warner Bros. Pictures
Frozen 2,4596,2016,533934730,Walt Disney Animation Studios
Joker 2,4299,2006,910163292,Warner Bros. Pictures
Black Panther 1,4260,2024,612166802,Marvel Studios / Walt Disney Studios
Titanic 1,4669,2009,333908737,20th Century Fox / Paramount Pictures
Inception 4,4709,2019,736681235,Warner Bros. Pictures
Avengers 1,4678,2018,633251735,Marvel Studios / Walt Disney Studios
Joker 1,4520,2020,474441016,Warner Bros. Pictures
Joker 3,4562,2008,308753332,Warner Bros. Pictures
Titanic 4,4206,2011,879667022,20th Century Fox / Paramount Pictures
Interstellar 4,4080,2007,269410528,Paramount Pictures / Warner Bros. Pictures
Black Panther 2,4795,1996,565806456,Marvel Studios / Walt Disney Studios
The Dark Knight 3,4716,1997,581694365,Warner Bros. Pictures
Interstellar 1,4209,2004,433558584,Paramount Pictures / Warner Bros. Pictures
Interstellar 3,4309,2021,247221020,Paramount Pictures / Warner Bros. Pictures
Inception 3,4261,2014,747880820,Warner Bros. Pictures
The Dark Knight 1,4566,2020,322675297,
Black Panther 3,4311,2013,704820099,Marvel Studios / Walt Disney Studios
Frozen 1,4319,2020,869166697,Walt Disney Animation Studios
Avengers: Endgame,4377,2009,635325488,Marvel Studios / Walt Disney Studios
Avatar 3,4358,1996,636078931,Marvel Studios / Walt Disney Studios
Black Panther 1,4882,2003,410311980,Marvel Studios / Walt Disney Studios
Frozen 2,4225,2019,340096240,Walt Disney Animation Studios
Titanic 3,4994,2007,573760499,20th Century Fox / Paramount Pictures
Avatar 2,4128,2000,252252184,Marvel Studios / Walt Disney Studios
Toy Story 1,4445,2020,859619401,Pixar Animation Studios / Walt Disney
Black Panther 2,4274,2010,451951645,Marvel Studios / Walt Disney Studios
Titanic 4,4547,2011,732896307,20th Century Fox / Paramount Pictures
Titanic 4,4680,2002,422785226,20th Century Fox / Paramount Pictures
The Dark Knight 4,4149,2011,444003355,Warner Bros. Pictures
Titanic 3,4590,2009,424143762,20th Century Fox / Paramount Pictures
Titanic 1,4510,2007,969895422,20th Century Fox / Paramount Pictures
Titanic 1,4308,2012,247885983,20th Century Fox / Paramount Pictures
Toy Story 1,4959,2002,435815800,Pixar Animation Studios / Walt Disney
Titanic 3,4202,2014,584940050,20th Century Fox / Paramount Pictures
Avatar 2,4441,2016,194346141,Marvel Studios / Walt Disney Studios
Joker 2,4461,2010,563456354,Warner Bros. Pictures
Titanic 4,4723,2002,736219851,20th Century Fox / Paramount Pictures
Avatar 1,4682,2024,331929240,Marvel Studios / Walt Disney Studios
Titanic 1,4015,2024,500376035,20th Century Fox / Paramount Pictures
The Dark Knight 3,4277,1998,971671634,Warner Bros. Pictures
Frozen 3,4958,1995,740433194,Walt Disney Animation Studios
Black Panther 2,4171,2007,887379981,Marvel Studios / Walt Disney Studios
Frozen 2,4369,2024,713980391,Walt Disney Animation Studios
Toy Story 2,4008,2003,680112758,Pixar Animation Studios / Walt Disney
Frozen 4,4917,2014,495064282,Walt Disney Animation Studios
Titanic 2,4905,2013,764085436,20th Century Fox / Paramount Pictures
The Dark Knight 4,4219,1997,485815755,Warner Bros. Pictures
Inception 3,4899,1998,396529379,Warner Bros. Pictures
Inception 4,4136,2022,631935190,Warner Bros. Pictures
Frozen 4,4358,2014,965059382,Walt Disney Animation Studios
Avatar 2,4298,1998,438145792,Marvel Studios / Walt Disney Studios
Frozen 2,4267,2013,229915847,Walt Disney Animation Studios
Titanic 1,4177,2011,778753977,20th Century Fox / Paramount Pictures
Titanic 1,4772,2024,326510392,20th Century Fox / Paramount Pictures
Joker 1,4234,2021,565137778,Warner Bros. Pictures
Toy Story 1,4383,2004,686870518,Pixar Animation Studios / Walt Disney
Frozen 3,4730,1996,991500978,Walt Disney Animation Studios
Inception 1,4166,2018,198012591,Warner Bros. Pictures
The Dark Knight 3,4869,2023,860576546,Warner Bros. Pictures
Toy Story 2,4139,1999,434472046,Pixar Animation Studios / Walt Disney
Frozen 1,4843,2010,517507606,Walt Disney Animation Studios
Toy Story 1,4099,2014,896854643,Pixar Animation Studios / Walt Disney
Interstellar 4,4194,2008,538158951,Paramount Pictures / Warner Bros. Pictures
The Dark Knight 1,4835,2011,413244721,
Joker 1,4645,1997,491437164,Warner Bros. Pictures
Inception 2,4668,2009,498506308,Warner Bros. Pictures
The Dark Knight 4,4878,2016,423816730,Warner Bros. Pictures
Black Panther 1,4425,2020,559137792,Marvel Studios / Walt Disney Studios
Joker 2,4667,2000,959529362,Warner Bros. Pictures
The Dark Knight 3,4673,2006,718478100,Warner Bros. Pictures
The Dark Knight 2,4490,2005,531017140,Warner Bros. Pictures
Frozen 1,4253,2009,240255094,Walt Disney Animation Studios
Frozen 4,4373,2017,855198372,Walt Disney Animation Studios
Joker 1,4835,2021,389071472,Warner Bros. Pictures
Avatar 1,4474,2021,438235915,Marvel Studios / Walt Disney Studios
Avatar 3,4702,2003,343366192,Marvel Studios / Walt Disney Studios
Titanic 2,4276,2022,367023306,20th Century Fox / Paramount Pictures
Frozen 1,4712,2020,999634817,Walt Disney Animation Studios
Inception 4,4508,2017,765081979,Warner Bros. Pictures
Black Panther 2,4224,2002,703027323,Marvel Studios / Walt Disney Studios
Avatar 1,4265,2024,528032836,Marvel Studios / Walt Disney Studios
Frozen 4,4110,2023,744015486,Walt Disney Animation Studios
Toy Story 1,4897,2014,506199232,Pixar Animation Studios / Walt Disney
The Dark Knight 3,4310,2024,198056876,Warner Bros. Pictures
Interstellar 1,4213,2008,403773506,Paramount Pictures / Warner Bros. Pictures
Avengers 1,4611,2004,537455388,Marvel Studios / Walt Disney Studios
Interstellar 3,4432,2012,250488831,Paramount Pictures / Warner Bros. Pictures
Inception 2,4235,2018,679664572,Warner Bros. Pictures
Avatar 3,4242,2017,994253893,Marvel Studios / Walt Disney Studios
Avengers: Endgame,4666,2008,211586389,Marvel Studios / Walt Disney Studios
Inception 4,4585,2016,469656645,Warner Bros. Pictures
Avatar 1,4263,2022,979790349,Marvel Studios / Walt Disney Studios
Avengers: Endgame,4978,2019,853448369,Marvel Studios / Walt Disney Studios
Titanic 4,4626,2012,847863726,20th Century Fox / Paramount Pictures
Interstellar 3,4801,2010,840649069,Paramount Pictures / Warner Bros. Pictures
Toy Story 3,4071,2004,452727140,Pixar Animation Studios / Walt Disney
Avatar 4,4512,2015,362334422,Marvel Studios / Walt Disney Studios
Toy Story 2,4720,2003,936624479,Pixar Animation Studios / Walt Disney
Avengers 2,4839,2013,260097111,Marvel Studios / Walt Disney Studios
Avengers 2,4086,2016,306767393,Marvel Studios / Walt Disney Studios
Interstellar 2,4022,2019,586804737,Paramount Pictures / Warner Bros. Pictures
Inception 3,4680,2019,475911513,Warner Bros. Pictures
Avatar 1,4319,2010,442171067,Marvel Studios / Walt Disney Studios
The Dark Knight 3,4270,2002,242264070,Warner Bros. Pictures
Black Panther 3,4308,1997,522354337,Marvel Studios / Walt Disney Studios
Inception 2,4373,2019,239704700,Warner Bros. Pictures
Avengers 3,4126,2019,486437337,Marvel Studios / Walt Disney Studios
Avatar 2,4420,2011,191092869,Marvel Studios / Walt Disney Studios
Interstellar 4,4035,2009,799023537,Paramount Pictures / Warner Bros. Pictures
The Dark Knight 3,4791,2002,1007363045,Warner Bros. Pictures
Inception 1,4610,1996,304952267,Warner Bros. Pictures
Toy Story 2,4732,2000,412890761,Pixar Animation Studios / Walt Disney
Titanic 4,4490,2018,494356796,20th Century Fox / Paramount Pictures
The Dark Knight 1,4104,2016,197838593,
Frozen 3,4662,2016,668356407,Walt Disney Animation Studios
Titanic 4,4104,2019,871119330,20th Century Fox / Paramount Pictures
The Dark Knight 1,4956,2001,591519336,
Avatar 1,4125,2024,556091198,Marvel Studios / Walt Disney Studios
Toy Story 2,4203,2005,425285631,Pixar Animation Studios / Walt Disney
Avatar 2,4013,2017,946328521,Marvel Studios / Walt Disney Studios
Toy Story 1,4092,1997,241676799,Pixar Animation Studios / Walt Disney
Toy Story 4,4812,2008,246238529,Pixar Animation Studios / Walt Disney
Titanic 4,4168,2021,543401902,20th Century Fox / Paramount Pictures
Avatar 3,4251,2013,873013282,Marvel Studios / Walt Disney Studios
Titanic 2,4504,2012,196476757,20th Century Fox / Paramount Pictures
Frozen 3,4990,1996,483290057,Walt Disney Animation Studios
Inception 3,4556,2018,243663032,Warner Bros. Pictures
Titanic 3,4371,2021,615418103,20th Century Fox / Paramount Pictures
Frozen 1,4870,2006,413388317,Walt Disney Animation Studios
The Dark Knight 2,4773,2022,504949641,Warner Bros. Pictures
Avatar 4,4770,2011,859138157,Marvel Studios / Walt Disney Studios
Titanic 2,4438,2021,439247230,20th Century Fox / Paramount Pictures
Joker 1,4638,1995,522033239,Warner Bros. Pictures
Toy Story 2,4240,2003,700200787,Pixar Animation Studios / Walt Disney
Titanic 3,4711,2024,472374355,20th Century Fox / Paramount Pictures
Black Panther 4,4518,1996,455824344,Marvel Studios / Walt Disney Studios
Frozen 1,4037,2004,615031957,Walt Disney Animation Studios
Avengers 3,4565,2007,197347188,Marvel Studios / Walt Disney Studios
Titanic 2,4541,2003,662047073,20th Century Fox / Paramount Pictures
Frozen 1,4116,2005,587116252,Walt Disney Animation Studios
Avengers 1,4774,2021,816730026,Marvel Studios / Walt Disney Studios
Interstellar 3,4666,2008,977984242,Paramount Pictures / Warner Bros. Pictures
Toy Story 4,4737,1998,340990716,Pixar Animation Studios / Walt Disney
Inception 2,4210,2000,263777416,Warner Bros. Pictures
Frozen 2,4770,2003,288786191,Walt Disney Animation Studios
Titanic 3,4934,1996,530059762,20th Century Fox / Paramount Pictures
Titanic 3,4836,2003,740729702,20th Century Fox / Paramount Pictures
The Dark Knight 4,4528,2015,471187993,Warner Bros. Pictures
The Dark Knight 2,4283,2017,922604711,Warner Bros. Pictures
Avengers 3,4581,2008,863303854,Marvel Studios / Walt Disney Studios
Avengers 3,4017,1997,961301136,Marvel Studios / Walt Disney Studios
Joker 4,4951,2002,352019241,Warner Bros. Pictures
Toy Story 4,4047,2007,631607298,Pixar Animation Studios / Walt Disney
Interstellar 2,4733,2019,836818911,Paramount Pictures / Warner Bros. Pictures
Avengers: Endgame,4166,2019,986721657,Marvel Studios / Walt Disney Studios
Toy Story 2,4173,1999,494911399,Pixar Animation Studios / Walt Disney
Titanic 4,4339,2002,871676582,20th Century Fox / Paramount Pictures
Titanic 2,4339,2015,286179618,20th Century Fox / Paramount Pictures
Toy Story 4,4576,2012,492886118,Pixar Animation Studios / Walt Disney
Inception 2,4919,2000,907746183,Warner Bros. Pictures
Avatar 4,4104,2013,590791624,Marvel Studios / Walt Disney Studios
Interstellar 3,4511,2013,332229591,Paramount Pictures / Warner Bros. Pictures
Avatar 3,4751,2017,676001594,Marvel Studios / Walt Disney Studios
Avatar 1,4755,1997,480140194,Marvel Studios / Walt Disney Studios
Toy Story 2,4019,2017,679426030,Pixar Animation Studios / Walt Disney
Avengers 1,4388,2017,460269419,Marvel Studios / Walt Disney Studios
Avatar 4,4902,2004,1023289474,Marvel Studios / Walt Disney Studios
Interstellar 4,4300,2011,997263362,Paramount Pictures / Warner Bros. Pictures
Titanic 3,4932,2006,979559827,20th Century Fox / Paramount Pictures
Avatar 4,4890,1995,622700054,Marvel Studios / Walt Disney Studios
Frozen 4,4901,2018,695506296,Walt Disney Animation Studios
Frozen 4,4726,2005,857629634,Walt Disney Animation Studios
The Dark Knight 1,4115,2010,556684492,
Inception 1,4644,2024,697931288,Warner Bros. Pictures
Black Panther 2,4104,1999,839293458,Marvel Studios / Walt Disney Studios
Toy Story 1,4484,2011,234659342,Pixar Animation Studios / Walt Disney
Inception 1,4737,2023,933918402,Warner Bros. Pictures
Joker 2,4723,1998,745787615,Warner Bros. Pictures
