tittle,studio,domestic-gross,foreign_gross,Year 
Avengers: Endgame,Marvel Studios / Walt Disney Studios,858373000,2797800564,2019
Avengers: Endgame,Marvel Studios / Walt Disney Studios,858373000,2797800564,2019
Avatar,Marvel Studios / Walt Disney Studios,760507625,2788701337,2009
Black Panther,Marvel Studios / Walt Disney Studios,700059566,1346103376,2018
Avengers: Infinity War,Marvel Studios / Walt Disney Studios,678815482,2048359754,2018
Frozen 4,Walt Disney Animation Studios,348392219,794161849,2011
Inception 3,Warner Bros. Pictures,664748760,974825690,2011
Interstellar 3,Paramount Pictures / Warner Bros. Pictures,81657203,1230123612,2022
Avengers 3,Marvel Studios / Walt Disney Studios,171975402,756433930,2004
Inception 1,Warner Bros. Pictures,625115989,1463312009,2001
Black Panther 4,Marvel Studios / Walt Disney Studios,530432571,1477017707,2018
Frozen 3,Walt Disney Animation Studios,790337242,2076208867,2002
Titanic 4,20th Century Fox / Paramount Pictures,598410361,2522498518,2014
Inception 1,Warner Bros. Pictures,653907299,1773860490,2019
Inception 4,Warner Bros. Pictures,171374554,884408298,2003
The Dark Knight 2,Warner Bros. Pictures,590008942,1417721408,2016
The Dark Knight 4,Warner Bros. Pictures,898362655,1282050628,2005
Avengers 1,Marvel Studios / Walt Disney Studios,270821141,1506496649,2012
Joker 3,Warner Bros. Pictures,461281702,1733008554,2014
Interstellar 2,Paramount Pictures / Warner Bros. Pictures,622592925,913571291,2001
Interstellar 3,Paramount Pictures / Warner Bros. Pictures,735134436,1477608696,2005
Joker 2,Warner Bros. Pictures,582001725,938711724,2013
Avatar 2,Marvel Studios / Walt Disney Studios,659141899,1581772316,2018
Avengers 3,Marvel Studios / Walt Disney Studios,70837119,1824161951,2011
Joker 4,Warner Bros. Pictures,193868238,1104099623,2015
Interstellar 2,Paramount Pictures / Warner Bros. Pictures,51117750,152381999,2007
The Dark Knight 3,Warner Bros. Pictures,149595004,1796713054,2014
Joker 2,Warner Bros. Pictures,387458730,432256817,2018
The Dark Knight 2,Warner Bros. Pictures,558475828,2505821664,2023
Interstellar 2,Paramount Pictures / Warner Bros. Pictures,757207470,1827213885,1999
Toy Story 4,Pixar Animation Studios / Walt Disney,341666596,1112838105,2020
Inception 1,Warner Bros. Pictures,187380069,2037762431,2012
Joker 3,Warner Bros. Pictures,531306471,1772437381,2012
Avengers 1,Marvel Studios / Walt Disney Studios,484763880,1300015578,2005
Joker 4,Warner Bros. Pictures,797153024,2686741375,2005
Avengers 2,Marvel Studios / Walt Disney Studios,694085081,2489952123,2007
Frozen 3,Walt Disney Animation Studios,658554148,1209808786,2018
Titanic 1,20th Century Fox / Paramount Pictures,64930108,1440493750,2012
Joker 2,Warner Bros. Pictures,63949217,1442479178,2011
Avatar 4,Marvel Studios / Walt Disney Studios,55940406,1851727996,1995
Interstellar 1,Paramount Pictures / Warner Bros. Pictures,736830533,2009788360,2019
Avatar 2,Marvel Studios / Walt Disney Studios,589538935,853161938,2000
Toy Story 1,Pixar Animation Studios / Walt Disney,684070935,994291667,2014
The Dark Knight 4,Warner Bros. Pictures,711886750,1983316084,2013
Frozen 2,Walt Disney Animation Studios,755340386,2640579397,2004
Interstellar 4,Paramount Pictures / Warner Bros. Pictures,565266219,2055581859,2017
Toy Story 3,Pixar Animation Studios / Walt Disney,839626905,1805639355,2013
Joker 4,Warner Bros. Pictures,75245530,1451392231,1996
Inception 3,Warner Bros. Pictures,163614225,1684574148,2015
Inception 4,Warner Bros. Pictures,687672949,2136830150,2013
Avengers 3,Marvel Studios / Walt Disney Studios,184889265,771079357,2007
Inception 3,Warner Bros. Pictures,108803001,267566144,2020
Joker 1,Warner Bros. Pictures,325209823,1595470991,2022
Interstellar 2,Paramount Pictures / Warner Bros. Pictures,443595458,2075630436,2018
Avatar 4,Marvel Studios / Walt Disney Studios,379845727,644985966,2004
Titanic 1,20th Century Fox / Paramount Pictures,873282446,1179168173,2010
Joker 1,Warner Bros. Pictures,396803534,875351753,2024
Toy Story 4,Pixar Animation Studios / Walt Disney,304960393,1433194315,2006
Titanic 4,20th Century Fox / Paramount Pictures,200874503,838402518,2015
The Dark Knight 1,,418708953,1566791248,2020
Avatar 1,Marvel Studios / Walt Disney Studios,649950555,1097485691,2007
The Dark Knight 3,Warner Bros. Pictures,382283298,2112509978,2004
Avatar 2,Marvel Studios / Walt Disney Studios,306214808,1173231562,2012
Black Panther 4,Marvel Studios / Walt Disney Studios,218416942,1652994474,2023
Joker 4,Warner Bros. Pictures,332135196,657889394,2011
Avengers 3,Marvel Studios / Walt Disney Studios,844925928,1446079335,2024
Black Panther 4,Marvel Studios / Walt Disney Studios,52581629,1265320865,2007
Avengers 3,Marvel Studios / Walt Disney Studios,75862311,2072149780,1998
Avengers 2,Marvel Studios / Walt Disney Studios,449005094,665819920,2008
Toy Story 1,Pixar Animation Studios / Walt Disney,72621129,765194874,2024
Black Panther 4,Marvel Studios / Walt Disney Studios,76570904,529535778,1999
Black Panther 4,Marvel Studios / Walt Disney Studios,433903568,940101066,2005
Joker 1,Warner Bros. Pictures,802164195,1004905784,2011
Frozen 4,Walt Disney Animation Studios,854932968,2452510338,2012
Avatar 4,Marvel Studios / Walt Disney Studios,676589666,785325778,1995
Titanic 3,20th Century Fox / Paramount Pictures,575409168,1106911111,1998
Toy Story 3,Pixar Animation Studios / Walt Disney,243584249,544613853,2000
Black Panther 4,Marvel Studios / Walt Disney Studios,661026673,2230655917,2020
Toy Story 4,Pixar Animation Studios / Walt Disney,406809616,987073492,1995
Avengers 2,Marvel Studios / Walt Disney Studios,497451275,1483914096,2003
Avatar 1,Marvel Studios / Walt Disney Studios,479525159,1590171354,2017
Toy Story 4,Pixar Animation Studios / Walt Disney,429229503,835222296,2005
Interstellar 3,Paramount Pictures / Warner Bros. Pictures,797932443,960610487,2012
The Dark Knight 3,Warner Bros. Pictures,637388718,1925749419,2010
Interstellar 2,Paramount Pictures / Warner Bros. Pictures,362613680,757253383,2023
Toy Story 2,Pixar Animation Studios / Walt Disney,138620289,749000367,2002
Titanic 2,20th Century Fox / Paramount Pictures,808729306,2421248179,2015
Toy Story 4,Pixar Animation Studios / Walt Disney,788211163,1807099827,2018
The Dark Knight 2,Warner Bros. Pictures,246434176,749255428,1998
Titanic 3,20th Century Fox / Paramount Pictures,715018689,1591159923,2012
Inception 2,Warner Bros. Pictures,547802730,1133586314,2020
Titanic 3,20th Century Fox / Paramount Pictures,191502170,1765919519,1999
Inception 2,Warner Bros. Pictures,342647680,1107442519,2012
Frozen 2,Walt Disney Animation Studios,117684273,1731158046,2020
Interstellar 1,Paramount Pictures / Warner Bros. Pictures,353727190,872355700,2012
Interstellar 1,Paramount Pictures / Warner Bros. Pictures,833393465,1883081510,2003
Black Panther 3,Marvel Studios / Walt Disney Studios,235433722,2140207124,2013
Joker 1,Warner Bros. Pictures,296893513,2103591224,2023
Joker 1,Warner Bros. Pictures,625390069,2579477397,2021
Interstellar 1,Paramount Pictures / Warner Bros. Pictures,368078172,2198927480,2003
Titanic 2,20th Century Fox / Paramount Pictures,690121982,2627790698,2003
Avatar 1,Marvel Studios / Walt Disney Studios,617536391,2411308652,2024
Joker 1,Warner Bros. Pictures,306530135,736209739,2010
Toy Story 2,Pixar Animation Studios / Walt Disney,891694766,2427880973,2019
Inception 4,Warner Bros. Pictures,298761063,332732961,2006
Avatar 4,Marvel Studios / Walt Disney Studios,72328628,1255489431,2008
Frozen 2,Walt Disney Animation Studios,332000939,1894990065,2009
Frozen 1,Walt Disney Animation Studios,348375657,1053083043,2007
Avatar 4,Marvel Studios / Walt Disney Studios,499891506,1367471034,1998
Joker 1,Warner Bros. Pictures,735326432,751501343,1998
Joker 3,Warner Bros. Pictures,492911865,1420700043,2005
Toy Story 2,Pixar Animation Studios / Walt Disney,203333936,1467168709,2015
Black Panther 2,Marvel Studios / Walt Disney Studios,380030337,1181916374,2022
Avengers 3,Marvel Studios / Walt Disney Studios,336021568,2228183439,2005
Titanic 1,20th Century Fox / Paramount Pictures,454610853,947672280,2013
Interstellar 4,Paramount Pictures / Warner Bros. Pictures,120320487,1233440439,2006
The Dark Knight 4,Warner Bros. Pictures,606755077,2540457739,2019
Interstellar 3,Paramount Pictures / Warner Bros. Pictures,764676351,2146946732,2004
Titanic 1,20th Century Fox / Paramount Pictures,55311134,1715628148,2016
Toy Story 3,Pixar Animation Studios / Walt Disney,477031589,2193509945,2004
Black Panther 4,Marvel Studios / Walt Disney Studios,224441498,1058352350,2008
Avatar 4,Marvel Studios / Walt Disney Studios,298208429,850692214,2012
Avengers 3,Marvel Studios / Walt Disney Studios,513327888,1661381989,2022
Avatar 4,Marvel Studios / Walt Disney Studios,823945302,2202856261,2019
Avengers 3,Marvel Studios / Walt Disney Studios,77600668,1415745456,2008
Black Panther 3,Marvel Studios / Walt Disney Studios,110768156,301231599,2012
Interstellar 1,Paramount Pictures / Warner Bros. Pictures,394843086,1181847134,2003
Titanic 2,20th Century Fox / Paramount Pictures,617307756,2141907033,1996
Joker 4,Warner Bros. Pictures,611606859,786023258,2017
The Dark Knight 1,,61777906,1991940282,1996
Titanic 3,20th Century Fox / Paramount Pictures,695077887,1540437373,2003
Frozen 2,Walt Disney Animation Studios,242677237,2007261915,1996
Titanic 4,20th Century Fox / Paramount Pictures,867255076,2011564689,2001
Frozen 3,Walt Disney Animation Studios,289043002,1401297163,1998
Black Panther 3,Marvel Studios / Walt Disney Studios,846187757,1346681165,2021
Titanic 3,20th Century Fox / Paramount Pictures,290449818,1789676338,2016
Avengers 3,Marvel Studios / Walt Disney Studios,376180680,1504530936,2003
Titanic 2,20th Century Fox / Paramount Pictures,328886069,1327968276,1997
The Dark Knight 4,Warner Bros. Pictures,695188953,1511471645,2021
The Dark Knight 3,Warner Bros. Pictures,741183094,2091987362,2014
Toy Story 1,Pixar Animation Studios / Walt Disney,544388225,1242437897,2012
Joker 3,Warner Bros. Pictures,622186873,2536928310,2024
Titanic 2,20th Century Fox / Paramount Pictures,737628940,2547913097,2007
Avengers 3,Marvel Studios / Walt Disney Studios,397468906,1107202357,2006
Avengers 2,Marvel Studios / Walt Disney Studios,79625448,1622717184,2012
Black Panther 3,Marvel Studios / Walt Disney Studios,870887913,1409029237,2024
Interstellar 3,Paramount Pictures / Warner Bros. Pictures,223545895,1160437430,2013
Interstellar 3,Paramount Pictures / Warner Bros. Pictures,817872291,855506887,2001
The Dark Knight 2,Warner Bros. Pictures,159494738,1768493601,2018
Interstellar 1,Paramount Pictures / Warner Bros. Pictures,764151093,1538746021,2008
Avatar 1,Marvel Studios / Walt Disney Studios,766373852,1387761894,2005
Toy Story 1,Pixar Animation Studios / Walt Disney,434264145,1664999909,2006
Interstellar 1,Paramount Pictures / Warner Bros. Pictures,189559025,1076078827,2014
Inception 1,Warner Bros. Pictures,835899387,2304104161,2018
Avatar 4,Marvel Studios / Walt Disney Studios,360796860,2082648360,2006
Interstellar 4,Paramount Pictures / Warner Bros. Pictures,284923844,2271102218,2015
The Dark Knight 2,Warner Bros. Pictures,579179783,2312539553,1998
Avatar 3,Marvel Studios / Walt Disney Studios,526987847,1834766299,1998
Joker 1,Warner Bros. Pictures,857919207,1536910066,2014
Frozen 4,Walt Disney Animation Studios,657608113,2217241063,2004
Titanic 4,20th Century Fox / Paramount Pictures,898008758,1823713798,2015
Frozen 3,Walt Disney Animation Studios,96894314,1957759973,2000
Inception 1,Warner Bros. Pictures,322609221,614675678,2003
Avengers 3,Marvel Studios / Walt Disney Studios,580045505,1339769116,1999
Titanic 2,20th Century Fox / Paramount Pictures,659544217,1604011248,2011
Frozen 4,Walt Disney Animation Studios,388022607,533574669,2024
Black Panther 3,Marvel Studios / Walt Disney Studios,116492215,377926977,2006
Joker 1,Warner Bros. Pictures,398999455,1389589147,2001
Black Panther 4,Marvel Studios / Walt Disney Studios,600054327,918211274,2022
Inception 4,Warner Bros. Pictures,626395337,2421639996,2006
Frozen 2,Walt Disney Animation Studios,818803434,926397030,2010
The Dark Knight 2,Warner Bros. Pictures,639012846,1285908101,2005
Titanic 2,20th Century Fox / Paramount Pictures,884766721,1043694685,2024
Interstellar 3,Paramount Pictures / Warner Bros. Pictures,898667909,1968083866,2020
Toy Story 2,Pixar Animation Studios / Walt Disney,402122418,1504411003,2024
Frozen 4,Walt Disney Animation Studios,156066536,223497170,2015
Avatar 1,Marvel Studios / Walt Disney Studios,536666682,1679445340,2017
Titanic 3,20th Century Fox / Paramount Pictures,715465277,2108617006,2010
Titanic 2,20th Century Fox / Paramount Pictures,625219777,1550650195,2015
Avengers 1,Marvel Studios / Walt Disney Studios,74302020,1197201930,2016
Toy Story 4,Pixar Animation Studios / Walt Disney,727302819,1402792204,1998
Joker 2,Warner Bros. Pictures,210940720,876041524,2022
The Dark Knight 2,Warner Bros. Pictures,780511310,1838613053,2014
Titanic 2,20th Century Fox / Paramount Pictures,699244801,1635348173,1998
The Dark Knight 3,Warner Bros. Pictures,179627140,1440905448,2006
Inception 1,Warner Bros. Pictures,440801898,1290537266,2024
Avatar 3,Marvel Studios / Walt Disney Studios,898352741,1148313942,2005
Avengers 1,Marvel Studios / Walt Disney Studios,103897616,1951256685,2018
Titanic 4,20th Century Fox / Paramount Pictures,70913908,1212939685,2012
Joker 3,Warner Bros. Pictures,721856843,1093743429,2002
Avatar 3,Marvel Studios / Walt Disney Studios,214735810,1314559134,2011
Interstellar 3,Paramount Pictures / Warner Bros. Pictures,487118064,662908869,2024
Frozen 4,Walt Disney Animation Studios,791563744,2769951712,2018
Frozen 4,Walt Disney Animation Studios,581814411,2230027030,2012
Avengers 2,Marvel Studios / Walt Disney Studios,877936165,2182289304,2002
Joker 2,Warner Bros. Pictures,524956058,2043750567,2018
Frozen 2,Walt Disney Animation Studios,256218570,1327541724,2011
The Dark Knight 2,Warner Bros. Pictures,801584709,2652638352,2012
Inception 2,Warner Bros. Pictures,546375005,1402067245,2017
Toy Story 4,Pixar Animation Studios / Walt Disney,588154870,1618128973,1995
Interstellar 3,Paramount Pictures / Warner Bros. Pictures,678286449,1203632229,2014
Frozen 4,Walt Disney Animation Studios,229229779,1578093217,1995
Titanic 1,20th Century Fox / Paramount Pictures,198997872,1967288073,2001
Joker 1,Warner Bros. Pictures,466738098,1909584962,2016
Titanic 2,20th Century Fox / Paramount Pictures,456738001,1082616034,2012
Frozen 2,Walt Disney Animation Studios,753572626,1546359800,2014
Black Panther 1,Marvel Studios / Walt Disney Studios,86106026,950941875,2008
Avatar 4,Marvel Studios / Walt Disney Studios,565522703,1473887443,2021
Interstellar 1,Paramount Pictures / Warner Bros. Pictures,543787920,594482208,2005
Frozen 4,Walt Disney Animation Studios,99312256,1918569863,2002
Toy Story 4,Pixar Animation Studios / Walt Disney,479482822,1961296913,2001
Black Panther 2,Marvel Studios / Walt Disney Studios,136258731,736350969,2015
The Dark Knight 4,Warner Bros. Pictures,331509157,384680703,1996
Frozen 4,Walt Disney Animation Studios,605999967,944320664,2002
Titanic 4,20th Century Fox / Paramount Pictures,490870591,2186222462,2024
The Dark Knight 3,Warner Bros. Pictures,800619077,2719785919,1999
Joker 2,Warner Bros. Pictures,791136223,1282287365,2021
Toy Story 2,Pixar Animation Studios / Walt Disney,187040540,883157559,1998
Avatar 2,Marvel Studios / Walt Disney Studios,535589648,2226218243,2010
Toy Story 1,Pixar Animation Studios / Walt Disney,566969097,812153452,2011
Black Panther 3,Marvel Studios / Walt Disney Studios,890058418,1180252868,1995
Interstellar 2,Paramount Pictures / Warner Bros. Pictures,895789890,2218819458,2013
Avatar 1,Marvel Studios / Walt Disney Studios,448796703,663967770,1995
Frozen 4,Walt Disney Animation Studios,390974981,2027080307,2018
Joker 2,Warner Bros. Pictures,323688544,2292544471,1995
Black Panther 3,Marvel Studios / Walt Disney Studios,417338984,1994196563,2007
Joker 4,Warner Bros. Pictures,287755777,2258209272,2013
Toy Story 1,Pixar Animation Studios / Walt Disney,396092939,583407662,2023
Frozen 1,Walt Disney Animation Studios,296471265,1899802939,2007
Titanic 2,20th Century Fox / Paramount Pictures,351842505,1659156004,2017
The Dark Knight 3,Warner Bros. Pictures,443025115,678354318,1995
Avengers 2,Marvel Studios / Walt Disney Studios,383857104,848778791,2013
Joker 1,Warner Bros. Pictures,477751939,1288423817,2023
Inception 2,Warner Bros. Pictures,228228688,1075400437,1998
Toy Story 4,Pixar Animation Studios / Walt Disney,193340720,1784828438,2004
Black Panther 4,Marvel Studios / Walt Disney Studios,548430310,2534957614,2021
Frozen 3,Walt Disney Animation Studios,225087093,290257871,1997
Interstellar 4,Paramount Pictures / Warner Bros. Pictures,377850973,1919116278,2006
Joker 3,Warner Bros. Pictures,752114514,1195537637,2013
Avatar 2,Marvel Studios / Walt Disney Studios,95125317,544064392,1999
The Dark Knight 4,Warner Bros. Pictures,530652943,1324978748,2004
Toy Story 3,Pixar Animation Studios / Walt Disney,488916231,1104993213,2016
Interstellar 1,Paramount Pictures / Warner Bros. Pictures,363773575,1928155506,2015
Avengers 2,Marvel Studios / Walt Disney Studios,631710732,968379305,2008
Avatar 2,Marvel Studios / Walt Disney Studios,738906106,2726234083,2016
Inception 1,Warner Bros. Pictures,560669489,1038754548,2024
Frozen 2,Walt Disney Animation Studios,813130021,1101013537,2004
Interstellar 3,Paramount Pictures / Warner Bros. Pictures,213243881,443293887,2018
Black Panther 4,Marvel Studios / Walt Disney Studios,691956468,945665284,2004
Black Panther 4,Marvel Studios / Walt Disney Studios,543039137,806916394,2005
Titanic 2,20th Century Fox / Paramount Pictures,823253328,1386933262,2006
Interstellar 3,Paramount Pictures / Warner Bros. Pictures,601720379,968261631,2006
Toy Story 2,Pixar Animation Studios / Walt Disney,285477275,931723549,2016
Interstellar 4,Paramount Pictures / Warner Bros. Pictures,630265598,1577358663,2008
Avatar 1,Marvel Studios / Walt Disney Studios,783960496,1170940839,2009
Titanic 2,20th Century Fox / Paramount Pictures,403229619,1388492501,2001
Interstellar 1,Paramount Pictures / Warner Bros. Pictures,625413844,951459562,2009
Joker 2,Warner Bros. Pictures,69895050,100411190,2014
Frozen 4,Walt Disney Animation Studios,70698647,572517553,2014
Black Panther 1,Marvel Studios / Walt Disney Studios,182472127,1457319651,2011
Inception 4,Warner Bros. Pictures,753159464,2278886709,2010
Titanic 4,20th Century Fox / Paramount Pictures,324880288,1035258436,2008
Titanic 3,20th Century Fox / Paramount Pictures,181241812,1459859033,2021
Toy Story 1,Pixar Animation Studios / Walt Disney,569188945,1083033262,2016
Black Panther 2,Marvel Studios / Walt Disney Studios,387205450,1192812165,1996
Inception 4,Warner Bros. Pictures,259624770,1465998424,2005
Inception 4,Warner Bros. Pictures,848557097,1847346391,2005
Avatar 3,Marvel Studios / Walt Disney Studios,385922857,2120825186,2004
Avatar 2,Marvel Studios / Walt Disney Studios,593955531,2271172747,1999
The Dark Knight 2,Warner Bros. Pictures,474454860,2452917375,1995
Avatar 1,Marvel Studios / Walt Disney Studios,667390309,1867219868,2002
Avatar 1,Marvel Studios / Walt Disney Studios,444790349,1996262861,2011
Joker 3,Warner Bros. Pictures,515611864,1759495357,2021
Black Panther 3,Marvel Studios / Walt Disney Studios,391134191,2314885449,2000
Inception 1,Warner Bros. Pictures,558128393,1906972819,1997
Interstellar 3,Paramount Pictures / Warner Bros. Pictures,381160931,531990123,2024
Interstellar 3,Paramount Pictures / Warner Bros. Pictures,152690806,2014694114,1998
Avengers: Endgame,Marvel Studios / Walt Disney Studios,787503140,2367384697,2015
Titanic 1,20th Century Fox / Paramount Pictures,168379825,1960225293,1996
Toy Story 2,Pixar Animation Studios / Walt Disney,159853112,1360567195,2017
Avatar 2,Marvel Studios / Walt Disney Studios,82767541,446323624,2022
Black Panther 4,Marvel Studios / Walt Disney Studios,239599537,368084400,2002
Toy Story 4,Pixar Animation Studios / Walt Disney,857948049,2305063101,2000
Interstellar 2,Paramount Pictures / Warner Bros. Pictures,797690050,2608906370,2017
Black Panther 4,Marvel Studios / Walt Disney Studios,567288010,931323926,2008
Toy Story 3,Pixar Animation Studios / Walt Disney,408645603,2236756197,2011
Avengers: Endgame,Marvel Studios / Walt Disney Studios,268354928,729746858,2018
The Dark Knight 2,Warner Bros. Pictures,368366427,1272932480,1996
Inception 2,Warner Bros. Pictures,360211448,1194409217,2011
Avengers: Endgame,Marvel Studios / Walt Disney Studios,850643937,971897569,2010
Black Panther 1,Marvel Studios / Walt Disney Studios,101675843,1946977833,2017
Frozen 3,Walt Disney Animation Studios,288697182,760521085,2013
Inception 1,Warner Bros. Pictures,74546061,1938361713,2015
Frozen 3,Walt Disney Animation Studios,314860364,787558383,1998
Joker 4,Warner Bros. Pictures,431592126,859474232,2013
Inception 2,Warner Bros. Pictures,565643019,2389513703,1995
Interstellar 3,Paramount Pictures / Warner Bros. Pictures,589008661,2056637535,2001
Black Panther 4,Marvel Studios / Walt Disney Studios,332168146,1576187809,2017
Interstellar 1,Paramount Pictures / Warner Bros. Pictures,533170954,1139891785,2009
Joker 4,Warner Bros. Pictures,373304299,1152445960,2014
Frozen 4,Walt Disney Animation Studios,837573788,1943337745,2006
Avengers 1,Marvel Studios / Walt Disney Studios,89776137,1491352885,2024
Avengers 2,Marvel Studios / Walt Disney Studios,266976329,521020699,2012
Interstellar 1,Paramount Pictures / Warner Bros. Pictures,65747609,863931975,2012
Interstellar 4,Paramount Pictures / Warner Bros. Pictures,529846402,2298127943,2012
Interstellar 1,Paramount Pictures / Warner Bros. Pictures,769443130,1911839278,1996
Joker 1,Warner Bros. Pictures,687279749,1363269986,2006
Joker 1,Warner Bros. Pictures,894844343,2494693456,2006
Interstellar 4,Paramount Pictures / Warner Bros. Pictures,64308942,1428154194,2017
The Dark Knight 4,Warner Bros. Pictures,867467516,1810374642,1999
The Dark Knight 2,Warner Bros. Pictures,498248130,1328317282,2008
Inception 2,Warner Bros. Pictures,253172365,1267752279,2002
Avatar 4,Marvel Studios / Walt Disney Studios,113967054,897684804,2022
Joker 4,Warner Bros. Pictures,266887064,327089261,1997
Inception 3,Warner Bros. Pictures,191309388,1622092082,1997
Interstellar 3,Paramount Pictures / Warner Bros. Pictures,713839523,1454531783,2011
Inception 3,Warner Bros. Pictures,708182554,815690457,2001
Inception 4,Warner Bros. Pictures,84944281,490320085,2002
The Dark Knight 4,Warner Bros. Pictures,349109053,531557572,2021
Avengers 2,Marvel Studios / Walt Disney Studios,279719839,1460564600,2008
Frozen 3,Walt Disney Animation Studios,326564080,1155484247,2004
Interstellar 1,Paramount Pictures / Warner Bros. Pictures,252175579,837276032,2016
Titanic 4,20th Century Fox / Paramount Pictures,721201350,1972884701,2020
The Dark Knight 4,Warner Bros. Pictures,780001396,2163204687,2016
Joker 3,Warner Bros. Pictures,831259071,2071580633,1995
The Dark Knight 4,Warner Bros. Pictures,774041920,879844753,2023
Avengers 2,Marvel Studios / Walt Disney Studios,631465041,2059447101,2010
Toy Story 1,Pixar Animation Studios / Walt Disney,233449379,529892186,2005
Avatar 1,Marvel Studios / Walt Disney Studios,152432376,1259035806,2009
Interstellar 2,Paramount Pictures / Warner Bros. Pictures,859577517,2099017914,2010
Inception 2,Warner Bros. Pictures,210085257,805763580,2003
Black Panther 4,Marvel Studios / Walt Disney Studios,629608710,1739425103,2002
Toy Story 3,Pixar Animation Studios / Walt Disney,377114986,2188964461,2008
Toy Story 1,Pixar Animation Studios / Walt Disney,56070244,1336004850,2018
Inception 3,Warner Bros. Pictures,170336541,1702691557,2009
The Dark Knight 3,Warner Bros. Pictures,95334250,453319899,1996
Frozen 4,Walt Disney Animation Studios,429865219,614546702,2015
Frozen 4,Walt Disney Animation Studios,621137576,956362574,2017
Inception 4,Warner Bros. Pictures,673306237,2593840790,2002
Titanic 1,20th Century Fox / Paramount Pictures,745519416,1760944782,2005
Avengers 3,Marvel Studios / Walt Disney Studios,690789377,921990334,1997
Toy Story 1,Pixar Animation Studios / Walt Disney,315624484,2303567899,2004
Frozen 3,Walt Disney Animation Studios,687357680,708871871,2018
Toy Story 1,Pixar Animation Studios / Walt Disney,802188251,2661438957,2011
Toy Story 2,Pixar Animation Studios / Walt Disney,690023598,2420373823,2012
Toy Story 1,Pixar Animation Studios / Walt Disney,664104539,2175003823,2023
Joker 2,Warner Bros. Pictures,609848781,1989444828,2012
The Dark Knight 1,,288461234,780581185,2004
The Dark Knight 2,Warner Bros. Pictures,280708467,2137037745,2002
Frozen 4,Walt Disney Animation Studios,860140314,2424172209,2009
Avatar 4,Marvel Studios / Walt Disney Studios,57675101,659808912,2020
Frozen 3,Walt Disney Animation Studios,781878899,2060065798,2004
Interstellar 2,Paramount Pictures / Warner Bros. Pictures,128679992,1281847292,2018
Inception 2,Warner Bros. Pictures,784796705,1321238041,2020
Titanic 4,20th Century Fox / Paramount Pictures,796518792,1487279250,2024
The Dark Knight 3,Warner Bros. Pictures,228798873,2025903218,2020
Black Panther 4,Marvel Studios / Walt Disney Studios,291030605,511591474,2016
Joker 2,Warner Bros. Pictures,800135942,1215385238,2015
The Dark Knight 4,Warner Bros. Pictures,843121946,1670154378,2021
Titanic 4,20th Century Fox / Paramount Pictures,231266521,2018433336,2009
Toy Story 2,Pixar Animation Studios / Walt Disney,228496244,331358011,2007
Avengers 1,Marvel Studios / Walt Disney Studios,632616635,1245967982,2005
The Dark Knight 4,Warner Bros. Pictures,459364969,858065867,2019
The Dark Knight 3,Warner Bros. Pictures,581980041,1624530542,2010
Titanic 2,20th Century Fox / Paramount Pictures,728437541,1060560040,2011
Avatar 3,Marvel Studios / Walt Disney Studios,59840208,1598699793,2020
Avatar 3,Marvel Studios / Walt Disney Studios,141717859,1986813451,2009
Frozen 4,Walt Disney Animation Studios,524069360,2013706448,2002
Joker 3,Warner Bros. Pictures,183438414,1047086425,1997
Joker 3,Warner Bros. Pictures,521851630,1760296245,2022
Titanic 2,20th Century Fox / Paramount Pictures,519970681,753415148,1998
Frozen 3,Walt Disney Animation Studios,165417175,899198431,2000
Avengers 3,Marvel Studios / Walt Disney Studios,605894795,975218562,2006
Inception 4,Warner Bros. Pictures,444121195,1105351179,2009
Interstellar 3,Paramount Pictures / Warner Bros. Pictures,622259993,1312753559,2019
Avatar 3,Marvel Studios / Walt Disney Studios,423562637,514356768,2021
Avatar 4,Marvel Studios / Walt Disney Studios,77837942,1026971125,2018
Joker 1,Warner Bros. Pictures,311185816,1744404638,2023
Titanic 1,20th Century Fox / Paramount Pictures,863596005,1509801029,2001
Titanic 3,20th Century Fox / Paramount Pictures,582722995,1432073216,2001
The Dark Knight 2,Warner Bros. Pictures,838043495,851379816,1999
Interstellar 4,Paramount Pictures / Warner Bros. Pictures,828069176,1865108735,2005
Toy Story 4,Pixar Animation Studios / Walt Disney,309057113,1709563299,2019
Avengers 3,Marvel Studios / Walt Disney Studios,135031353,718918447,1998
Frozen 3,Walt Disney Animation Studios,253621059,1621453040,2015
Titanic 2,20th Century Fox / Paramount Pictures,752530361,1657892558,2021
The Dark Knight 2,Warner Bros. Pictures,352894527,1301918204,2004
Titanic 3,20th Century Fox / Paramount Pictures,722817160,1414992629,2002
Avatar 3,Marvel Studios / Walt Disney Studios,92359794,1190994597,2019
Toy Story 2,Pixar Animation Studios / Walt Disney,257193964,1398660852,2019
Avengers 2,Marvel Studios / Walt Disney Studios,512421867,557806262,2019
Titanic 4,20th Century Fox / Paramount Pictures,785754570,1338249765,2013
Frozen 1,Walt Disney Animation Studios,846872968,1664805809,2000
Joker 1,Warner Bros. Pictures,341934229,1737884393,1998
Joker 4,Warner Bros. Pictures,200822658,1900559844,2013
Frozen 3,Walt Disney Animation Studios,163969168,1881037896,2018
Toy Story 3,Pixar Animation Studios / Walt Disney,91005761,364851090,2001
Toy Story 3,Pixar Animation Studios / Walt Disney,554330625,1510671097,2005
Toy Story 3,Pixar Animation Studios / Walt Disney,737682666,1089730798,2019
Titanic 1,20th Century Fox / Paramount Pictures,723218612,2202393485,2010
Avatar 4,Marvel Studios / Walt Disney Studios,99482136,276920466,1995
Frozen 2,Walt Disney Animation Studios,457007087,1169783837,1995
Joker 2,Warner Bros. Pictures,473015520,700429592,2018
Avatar 3,Marvel Studios / Walt Disney Studios,808067947,2522338039,2019
Toy Story 1,Pixar Animation Studios / Walt Disney,101798517,1731456275,2019
Toy Story 3,Pixar Animation Studios / Walt Disney,544151802,2100337575,2016
Avengers 1,Marvel Studios / Walt Disney Studios,762151779,1308396796,2020
Frozen 1,Walt Disney Animation Studios,244076108,1496890114,1996
Avengers 1,Marvel Studios / Walt Disney Studios,770157657,1135463672,1999
Toy Story 1,Pixar Animation Studios / Walt Disney,437088518,1767297473,2021
The Dark Knight 1,,854167936,914207032,2022
Titanic 1,20th Century Fox / Paramount Pictures,724791721,1312427284,1995
Avatar 1,Marvel Studios / Walt Disney Studios,263727600,1174801041,2018
Avatar 4,Marvel Studios / Walt Disney Studios,796962967,1115068072,2000
Black Panther 4,Marvel Studios / Walt Disney Studios,894293377,1627333941,2010
Black Panther 1,Marvel Studios / Walt Disney Studios,607683775,1115290914,2004
Toy Story 1,Pixar Animation Studios / Walt Disney,275401346,753005953,2017
Frozen 3,Walt Disney Animation Studios,247400960,363645819,2014
Black Panther 2,Marvel Studios / Walt Disney Studios,673320643,1602814570,2004
Frozen 4,Walt Disney Animation Studios,667656412,1580389544,2004
Avengers 2,Marvel Studios / Walt Disney Studios,625047680,963282916,2009
Avatar 1,Marvel Studios / Walt Disney Studios,112043938,1281518519,1995
Avatar 1,Marvel Studios / Walt Disney Studios,646764350,1908355313,2008
Joker 2,Warner Bros. Pictures,347186241,512851749,2003
Black Panther 4,Marvel Studios / Walt Disney Studios,869616075,2213464374,2007
The Dark Knight 2,Warner Bros. Pictures,619718353,1290129967,1998
Joker 1,Warner Bros. Pictures,889606000,1193492119,2004
Frozen 4,Walt Disney Animation Studios,506341866,1954749129,2004
Interstellar 3,Paramount Pictures / Warner Bros. Pictures,206548860,907344460,2002
Avatar,Marvel Studios / Walt Disney Studios,760507625,2788701337,2009
Avatar,Marvel Studios / Walt Disney Studios,760507625,2788701337,2009
Frozen 3,Walt Disney Animation Studios,417972244,2207301813,2017
Avengers 3,Marvel Studios / Walt Disney Studios,68510243,572139578,2019
Inception 2,Warner Bros. Pictures,323179840,614458062,2005
Titanic 4,20th Century Fox / Paramount Pictures,86234702,1533655831,2022
Avatar 3,Marvel Studios / Walt Disney Studios,773288829,1147406474,2024
Inception 4,Warner Bros. Pictures,654163161,2124286040,1995
Titanic 2,20th Century Fox / Paramount Pictures,423185197,960889964,2007
Interstellar 3,Paramount Pictures / Warner Bros. Pictures,890228473,2559989509,2024
Frozen 4,Walt Disney Animation Studios,452902640,1189948590,2022
Black Panther 2,Marvel Studios / Walt Disney Studios,360692757,1383174344,1995
Avatar 3,Marvel Studios / Walt Disney Studios,76718807,1984535933,1999
Avatar 2,Marvel Studios / Walt Disney Studios,656841844,1136190547,1996
Toy Story 1,Pixar Animation Studios / Walt Disney,759269704,1735146077,2015
Frozen 2,Walt Disney Animation Studios,101570575,1322716370,2006
The Dark Knight 3,Warner Bros. Pictures,402589057,743431366,2008
Inception 3,Warner Bros. Pictures,456411403,2087669743,2007
Avengers 2,Marvel Studios / Walt Disney Studios,778208717,826553729,2013
Black Panther 2,Marvel Studios / Walt Disney Studios,834867499,1894395097,2015
Joker 3,Warner Bros. Pictures,646522848,1237470892,1999
Avatar 1,Marvel Studios / Walt Disney Studios,469403698,1758218901,2024
Joker 4,Warner Bros. Pictures,887557245,2601019908,2015
Avatar 3,Marvel Studios / Walt Disney Studios,680608384,2553677166,2007
Frozen 1,Walt Disney Animation Studios,696766506,1197797617,2009
Toy Story 3,Pixar Animation Studios / Walt Disney,443267366,1047117885,2019
Black Panther 4,Marvel Studios / Walt Disney Studios,530771767,940132190,2021
Black Panther 2,Marvel Studios / Walt Disney Studios,606805676,1033541952,2001
Inception 3,Warner Bros. Pictures,253601809,348687470,2021
Avengers 1,Marvel Studios / Walt Disney Studios,810225395,1190784240,2019
Interstellar 1,Paramount Pictures / Warner Bros. Pictures,661219887,726942746,2003
Toy Story 3,Pixar Animation Studios / Walt Disney,657791111,804255697,2003
Inception 3,Warner Bros. Pictures,221372339,1804672110,2009
Black Panther 2,Marvel Studios / Walt Disney Studios,710835466,1139413587,2022
The Dark Knight 4,Warner Bros. Pictures,202009852,1979027341,2010
Joker 3,Warner Bros. Pictures,280381003,342825502,2014
Black Panther 2,Marvel Studios / Walt Disney Studios,500107545,1535234294,2012
The Dark Knight 3,Warner Bros. Pictures,512392420,1488360371,2011
Black Panther 3,Marvel Studios / Walt Disney Studios,543765717,2429687855,1998
Interstellar 3,Paramount Pictures / Warner Bros. Pictures,708646201,1939894176,2024
Interstellar 3,Paramount Pictures / Warner Bros. Pictures,105966858,1029453758,2004
Titanic 2,20th Century Fox / Paramount Pictures,631204966,1433576359,2008
Toy Story 2,Pixar Animation Studios / Walt Disney,746298708,1940681406,2008
Interstellar 3,Paramount Pictures / Warner Bros. Pictures,64046692,1212872196,2012
Black Panther 1,Marvel Studios / Walt Disney Studios,592479997,1752534423,2004
The Dark Knight 2,Warner Bros. Pictures,837574216,1044212276,2022
Titanic 3,20th Century Fox / Paramount Pictures,853927216,2235065030,2018
Interstellar 1,Paramount Pictures / Warner Bros. Pictures,265075999,1711334831,2001
Black Panther 4,Marvel Studios / Walt Disney Studios,195101431,1479815656,2009
Interstellar 1,Paramount Pictures / Warner Bros. Pictures,520128057,2074169453,2001
Avatar 4,Marvel Studios / Walt Disney Studios,837952126,1526978810,2021
Frozen 1,Walt Disney Animation Studios,661447256,2094410454,2016
Toy Story 1,Pixar Animation Studios / Walt Disney,602225538,1991665450,2017
Interstellar 3,Paramount Pictures / Warner Bros. Pictures,809188184,2725836253,2009
Interstellar 1,Paramount Pictures / Warner Bros. Pictures,309136304,1434718038,1999
Toy Story 4,Pixar Animation Studios / Walt Disney,740004102,903592128,2005
Inception 2,Warner Bros. Pictures,107402097,1725442909,2016
Avatar 3,Marvel Studios / Walt Disney Studios,183929928,1750743265,2012
The Dark Knight 1,,509802075,2035816773,1998
Joker 2,Warner Bros. Pictures,150413979,2001514726,2001
Titanic 1,20th Century Fox / Paramount Pictures,156206633,820560569,2004
Avatar 3,Marvel Studios / Walt Disney Studios,424671422,1572755783,2006
The Dark Knight 2,Warner Bros. Pictures,662958925,1548919868,2017
Interstellar 4,Paramount Pictures / Warner Bros. Pictures,453199709,1140799486,2018
Titanic 4,20th Century Fox / Paramount Pictures,342845811,1376955664,2021
Black Panther 4,Marvel Studios / Walt Disney Studios,587808099,1593189225,2019
Toy Story 1,Pixar Animation Studios / Walt Disney,769898733,1731900259,2009
Titanic 1,20th Century Fox / Paramount Pictures,500518434,669863356,2020
The Dark Knight 2,Warner Bros. Pictures,647804047,1596183108,2014
Avatar 2,Marvel Studios / Walt Disney Studios,357696569,1839450754,2023
Joker 4,Warner Bros. Pictures,535513436,1746624851,2017
Joker 2,Warner Bros. Pictures,539766427,1164365845,2019
Toy Story 1,Pixar Animation Studios / Walt Disney,405915413,1939728547,2015
Interstellar 3,Paramount Pictures / Warner Bros. Pictures,715275439,2260920587,2018
Avengers 2,Marvel Studios / Walt Disney Studios,697779919,1057683635,1998
Frozen 2,Walt Disney Animation Studios,323388933,1738090318,2004
Interstellar 2,Paramount Pictures / Warner Bros. Pictures,306087177,1835098348,2009
Frozen 3,Walt Disney Animation Studios,790121342,2170666100,2015
Frozen 2,Walt Disney Animation Studios,801741274,1549497521,1998
Joker 3,Warner Bros. Pictures,185338750,1322442455,2006
Toy Story 4,Pixar Animation Studios / Walt Disney,752457212,2673926884,1995
Avengers 3,Marvel Studios / Walt Disney Studios,455190295,1083468883,2016
Titanic 4,20th Century Fox / Paramount Pictures,328736885,2117581069,2017
Interstellar 1,Paramount Pictures / Warner Bros. Pictures,634311810,2363475685,2011
Frozen 4,Walt Disney Animation Studios,218579665,710039054,2011
Joker 3,Warner Bros. Pictures,224838744,1144464056,2005
The Dark Knight 2,Warner Bros. Pictures,627748345,1186337381,2014
Toy Story 1,Pixar Animation Studios / Walt Disney,145638616,226369349,2006
Toy Story 3,Pixar Animation Studios / Walt Disney,269181502,1797047286,2015
Avengers 1,Marvel Studios / Walt Disney Studios,327724939,2241447583,2004
Avengers 1,Marvel Studios / Walt Disney Studios,287866138,2159202900,2004
Toy Story 2,Pixar Animation Studios / Walt Disney,621899269,1194163877,2013
Avengers 2,Marvel Studios / Walt Disney Studios,749957516,1312444916,1999
Avatar 2,Marvel Studios / Walt Disney Studios,157635009,855317072,2015
Titanic 2,20th Century Fox / Paramount Pictures,375757789,1210570441,2022
Avatar 3,Marvel Studios / Walt Disney Studios,57096705,1072505866,2018
Inception 2,Warner Bros. Pictures,661255538,2410480086,2019
Toy Story 1,Pixar Animation Studios / Walt Disney,745310629,1684947573,2018
Inception 4,Warner Bros. Pictures,863823256,1290986238,2018
Avengers 2,Marvel Studios / Walt Disney Studios,440000849,2436531024,2011
Avatar 1,Marvel Studios / Walt Disney Studios,345527722,1493726608,2003
Avatar 1,Marvel Studios / Walt Disney Studios,797182504,1442282726,1998
The Dark Knight 2,Warner Bros. Pictures,808547426,1898579463,2006
Frozen 3,Walt Disney Animation Studios,781626938,2414803811,2008
Titanic 2,20th Century Fox / Paramount Pictures,572042716,1491994893,2007
Frozen 2,Walt Disney Animation Studios,265989052,937328037,2023
Joker 3,Warner Bros. Pictures,184009918,2160632581,2023
Titanic 2,20th Century Fox / Paramount Pictures,702445680,2248914728,2008
Joker 1,Warner Bros. Pictures,712436098,2286140319,1998
Joker 4,Warner Bros. Pictures,150969000,1169846474,2006
Black Panther 4,Marvel Studios / Walt Disney Studios,220830306,472330824,2009
Black Panther 2,Marvel Studios / Walt Disney Studios,277819746,2205232922,2016
Titanic,20th Century Fox / Paramount Pictures,659363944,2208208395,1997
Black Panther 4,Marvel Studios / Walt Disney Studios,282816042,617388151,2021
Avatar 4,Marvel Studios / Walt Disney Studios,383594053,956888600,2009
The Dark Knight 1,,318180618,1969355990,2013
Inception 2,Warner Bros. Pictures,86236735,1369517466,2013
Joker 1,Warner Bros. Pictures,410274903,542793520,2005
Interstellar 2,Paramount Pictures / Warner Bros. Pictures,495784922,1032483289,2000
Toy Story 1,Pixar Animation Studios / Walt Disney,722251478,1353727775,2007
Black Panther 3,Marvel Studios / Walt Disney Studios,481354959,2007079546,1998
Inception 1,Warner Bros. Pictures,206676161,635717679,2008
Joker 1,Warner Bros. Pictures,449509943,2041890172,2003
Titanic 2,20th Century Fox / Paramount Pictures,234886636,961893091,2015
Black Panther 4,Marvel Studios / Walt Disney Studios,735399745,753495520,1995
Avengers 2,Marvel Studios / Walt Disney Studios,483162265,1793283571,2013
Avengers: Endgame,Marvel Studios / Walt Disney Studios,636713475,1988726396,2007
The Dark Knight 1,,509896306,1553055390,2007
Black Panther 1,Marvel Studios / Walt Disney Studios,538600760,1044773151,2015
Frozen 3,Walt Disney Animation Studios,232393093,503404050,2022
Toy Story 2,Pixar Animation Studios / Walt Disney,283546675,715910252,2003
The Dark Knight 3,Warner Bros. Pictures,349594364,1485223743,2006
Joker 2,Warner Bros. Pictures,716161836,1767501453,1998
Interstellar 4,Paramount Pictures / Warner Bros. Pictures,598974159,2314095096,2023
Frozen 1,Walt Disney Animation Studios,398875820,511728074,2000
Avatar 4,Marvel Studios / Walt Disney Studios,534043881,1560830930,1998
Toy Story 1,Pixar Animation Studios / Walt Disney,565871564,1441588847,2013
Avengers 3,Marvel Studios / Walt Disney Studios,134903538,365931527,2024
Avengers: Endgame,Marvel Studios / Walt Disney Studios,225888911,257978534,2002
Black Panther 2,Marvel Studios / Walt Disney Studios,224307548,1927106469,2003
Frozen 4,Walt Disney Animation Studios,398740188,1860364678,2022
The Dark Knight 2,Warner Bros. Pictures,510092483,2371291625,2023
Frozen 3,Walt Disney Animation Studios,346655661,940020649,2008
Toy Story 4,Pixar Animation Studios / Walt Disney,673844098,971463227,2012
Joker 3,Warner Bros. Pictures,552737857,966878545,2002
Frozen 3,Walt Disney Animation Studios,619319261,1565138167,2022
Titanic 2,20th Century Fox / Paramount Pictures,466755398,1053811130,2009
Interstellar 2,Paramount Pictures / Warner Bros. Pictures,261382140,1818142379,2019
Joker 2,Warner Bros. Pictures,336858261,607490069,2006
Inception 1,Warner Bros. Pictures,307751931,1967317039,2006
Frozen 2,Walt Disney Animation Studios,93392503,740919503,2020
The Dark Knight 2,Warner Bros. Pictures,385394677,1422760988,2017
Avengers 1,Marvel Studios / Walt Disney Studios,869256943,1605277060,2003
Avengers 1,Marvel Studios / Walt Disney Studios,760878470,2494384845,2001
The Dark Knight 2,Warner Bros. Pictures,452516413,1019539076,2021
Avatar 1,Marvel Studios / Walt Disney Studios,703425145,1994768246,2005
Inception 1,Warner Bros. Pictures,317214660,1457779914,1995
Avatar 2,Marvel Studios / Walt Disney Studios,663798042,2086644977,2009
Toy Story 1,Pixar Animation Studios / Walt Disney,689706201,2632213461,2019
Toy Story 3,Pixar Animation Studios / Walt Disney,837473339,1187137590,2003
Titanic 2,20th Century Fox / Paramount Pictures,721072847,2169298660,2004
Joker 1,Warner Bros. Pictures,668528186,2096803522,2007
Titanic 3,20th Century Fox / Paramount Pictures,595712034,1432686689,2004
Joker 4,Warner Bros. Pictures,241529557,603371988,2023
Inception 3,Warner Bros. Pictures,390965075,472854836,2021
Frozen 4,Walt Disney Animation Studios,532972087,1178875334,2022
Inception 3,Warner Bros. Pictures,370085296,1837353420,2023
Black Panther 1,Marvel Studios / Walt Disney Studios,242280760,1222176553,2020
Frozen 2,Walt Disney Animation Studios,324446353,1464064495,2000
Inception 1,Warner Bros. Pictures,485750007,2389239688,2017
Avatar 4,Marvel Studios / Walt Disney Studios,423854354,1273780077,2021
Toy Story 1,Pixar Animation Studios / Walt Disney,860277569,1386214646,2015
Titanic 1,20th Century Fox / Paramount Pictures,626363987,2175024203,2021
Joker 3,Warner Bros. Pictures,310026083,1228540119,1996
Titanic 2,20th Century Fox / Paramount Pictures,370045605,1980702827,2016
Avengers 3,Marvel Studios / Walt Disney Studios,385688038,2172027614,2006
The Dark Knight 1,,85550385,1339190843,2005
The Dark Knight 2,Warner Bros. Pictures,222247620,548885400,2017
Interstellar 4,Paramount Pictures / Warner Bros. Pictures,610808775,863182494,2000
Inception 2,Warner Bros. Pictures,543710052,2176914043,2013
The Dark Knight 1,,352402769,569406589,2012
The Dark Knight 2,Warner Bros. Pictures,200741415,1832372444,2005
Interstellar 4,Paramount Pictures / Warner Bros. Pictures,578635197,704915355,2007
Black Panther 1,Marvel Studios / Walt Disney Studios,335083179,2033979212,2014
The Dark Knight 1,,282291817,312646620,2017
Titanic 4,20th Century Fox / Paramount Pictures,883549250,1664590781,2014
Interstellar 1,Paramount Pictures / Warner Bros. Pictures,65430570,1239759200,2021
Interstellar 2,Paramount Pictures / Warner Bros. Pictures,555593441,2347053294,2006
Joker 4,Warner Bros. Pictures,573275019,1595683646,2020
Avengers: Endgame,Marvel Studios / Walt Disney Studios,764816632,1592874297,2024
Avengers: Endgame,Marvel Studios / Walt Disney Studios,722116818,2656302457,2020
Black Panther 2,Marvel Studios / Walt Disney Studios,83427312,1900818350,2016
Frozen 3,Walt Disney Animation Studios,286106190,1031292365,2021
Avatar 4,Marvel Studios / Walt Disney Studios,161692025,239862798,1999
Avatar 3,Marvel Studios / Walt Disney Studios,846130691,2185781103,1995
The Dark Knight 1,,672916242,785504991,2014
The Dark Knight 2,Warner Bros. Pictures,448859277,778549249,2004
The Dark Knight 3,Warner Bros. Pictures,435342896,1402259646,2015
The Dark Knight 1,,260744773,415139858,2024
Joker 1,Warner Bros. Pictures,383837723,2186997542,2005
Interstellar 1,Paramount Pictures / Warner Bros. Pictures,359093244,780551823,1998
Joker 1,Warner Bros. Pictures,784949991,1767095000,2009
Inception 2,Warner Bros. Pictures,374823393,1325601900,2004
Inception 4,Warner Bros. Pictures,769888916,1195186312,2023
Joker 3,Warner Bros. Pictures,448061220,1291703338,2005
Interstellar 4,Paramount Pictures / Warner Bros. Pictures,150276734,1922439214,2017
Black Panther 1,Marvel Studios / Walt Disney Studios,300740765,2111027989,2014
Interstellar 4,Paramount Pictures / Warner Bros. Pictures,765745654,875176456,2006
Black Panther 1,Marvel Studios / Walt Disney Studios,135107035,179834720,2023
Toy Story 4,Pixar Animation Studios / Walt Disney,817375884,2164318711,2013
Joker 4,Warner Bros. Pictures,621459059,1390651818,2022
Toy Story 4,Pixar Animation Studios / Walt Disney,866928964,2008359299,2018
Frozen 2,Walt Disney Animation Studios,769532144,1035450893,2011
Titanic 2,20th Century Fox / Paramount Pictures,554908877,701561779,2000
Frozen 4,Walt Disney Animation Studios,177259919,1531196067,2023
Interstellar 3,Paramount Pictures / Warner Bros. Pictures,108551458,893058415,2008
Avatar 3,Marvel Studios / Walt Disney Studios,96955390,735214251,2000
Inception 4,Warner Bros. Pictures,655462503,2078728967,1999
Toy Story 4,Pixar Animation Studios / Walt Disney,376283105,1134413214,2024
Black Panther 2,Marvel Studios / Walt Disney Studios,669557884,2060938861,2015
Interstellar 3,Paramount Pictures / Warner Bros. Pictures,500992875,2475213867,2023
Avatar 2,Marvel Studios / Walt Disney Studios,114382770,1861737330,2004
Frozen 4,Walt Disney Animation Studios,850580086,1967258357,2009
Inception 3,Warner Bros. Pictures,343489540,1415330589,2016
Avatar 1,Marvel Studios / Walt Disney Studios,696089883,796531104,2000
Interstellar 1,Paramount Pictures / Warner Bros. Pictures,557271776,1742913709,2006
Inception 1,Warner Bros. Pictures,312094938,1345486804,2007
Frozen 4,Walt Disney Animation Studios,174651793,1111033883,2022
Black Panther 2,Marvel Studios / Walt Disney Studios,162312277,795690894,2007
Black Panther 4,Marvel Studios / Walt Disney Studios,649698126,1450251272,2011
Inception 3,Warner Bros. Pictures,178616536,370471998,2013
Avengers: Endgame,Marvel Studios / Walt Disney Studios,337320959,898292665,1998
Avatar 2,Marvel Studios / Walt Disney Studios,259611167,622273848,2024
Titanic 3,20th Century Fox / Paramount Pictures,575566633,2460655791,2013
Avatar 3,Marvel Studios / Walt Disney Studios,654249460,2178327420,2013
Black Panther 2,Marvel Studios / Walt Disney Studios,679895560,1878006458,1997
Joker 1,Warner Bros. Pictures,228569788,1900745147,1997
Black Panther 1,Marvel Studios / Walt Disney Studios,214055080,392089364,2015
Titanic 2,20th Century Fox / Paramount Pictures,98322374,811249644,2009
Interstellar 2,Paramount Pictures / Warner Bros. Pictures,583415219,2314017377,2006
Avengers 3,Marvel Studios / Walt Disney Studios,103026746,1946601985,2003
Titanic 2,20th Century Fox / Paramount Pictures,675640322,1997811248,1996
Black Panther 1,Marvel Studios / Walt Disney Studios,690867740,1989249995,2006
Joker 3,Warner Bros. Pictures,458458399,2019592608,2012
Inception 2,Warner Bros. Pictures,221812288,1990213157,2010
Joker 3,Warner Bros. Pictures,846024528,2777053935,2006
Frozen 3,Walt Disney Animation Studios,871176637,2243784876,2024
Inception 1,Warner Bros. Pictures,276423444,1418459083,2008
Interstellar 1,Paramount Pictures / Warner Bros. Pictures,326833840,1417478365,2017
Titanic 2,20th Century Fox / Paramount Pictures,854068301,1915731673,2003
The Dark Knight 1,,195522380,1626077656,2007
Titanic 1,20th Century Fox / Paramount Pictures,64767464,75782434,2008
Joker 2,Warner Bros. Pictures,707798811,1448036875,2024
Black Panther 4,Marvel Studios / Walt Disney Studios,818392020,2389069173,2014
Interstellar 4,Paramount Pictures / Warner Bros. Pictures,206045761,1025657494,1998
Avatar 3,Marvel Studios / Walt Disney Studios,480484395,850088794,2021
Frozen 2,Walt Disney Animation Studios,541932442,1524780198,2009
Joker 2,Warner Bros. Pictures,154306584,516795347,2016
Inception 2,Warner Bros. Pictures,831459567,2148601340,2019
Avengers: Endgame,Marvel Studios / Walt Disney Studios,170653685,1574698908,2021
Avatar 1,Marvel Studios / Walt Disney Studios,185288480,1402603316,2003
Black Panther 2,Marvel Studios / Walt Disney Studios,714768635,813850239,2014
Avengers 1,Marvel Studios / Walt Disney Studios,880271377,2641962603,2016
Frozen 1,Walt Disney Animation Studios,190848269,617927417,2019
Toy Story 3,Pixar Animation Studios / Walt Disney,359326375,2178321528,1998
Frozen 1,Walt Disney Animation Studios,840613363,2549994599,2016
Joker 2,Warner Bros. Pictures,783025150,2708213014,1999
Inception 1,Warner Bros. Pictures,667104098,1878242885,2010
Inception 3,Warner Bros. Pictures,513565034,2181647391,2024
Inception 1,Warner Bros. Pictures,709759715,2213401578,2012
Inception 2,Warner Bros. Pictures,218028254,1279874745,2018
Interstellar 2,Paramount Pictures / Warner Bros. Pictures,528634625,1449934325,2011
The Dark Knight 4,Warner Bros. Pictures,249801098,1193272137,2021
Frozen 4,Walt Disney Animation Studios,694013986,815538851,1999
Avatar 1,Marvel Studios / Walt Disney Studios,788546096,1739863693,2014
Titanic 2,20th Century Fox / Paramount Pictures,547687958,1334282743,2003
Inception 4,Warner Bros. Pictures,333056903,2307948310,2002
Interstellar 1,Paramount Pictures / Warner Bros. Pictures,314453328,542387726,2017
Avatar 1,Marvel Studios / Walt Disney Studios,415437859,1768419300,1997
Avengers 2,Marvel Studios / Walt Disney Studios,439215491,1870907103,2020
The Dark Knight 2,Warner Bros. Pictures,400703229,1338807785,2021
Inception 1,Warner Bros. Pictures,583227180,1687598748,2001
Inception 2,Warner Bros. Pictures,623786336,1898686223,2003
Inception 2,Warner Bros. Pictures,899848473,1465521610,1998
Frozen 4,Walt Disney Animation Studios,56329011,864197281,2002
Toy Story 4,Pixar Animation Studios / Walt Disney,668435428,2118728924,2017
Avatar 2,Marvel Studios / Walt Disney Studios,592016584,1566497906,2013
Frozen 4,Walt Disney Animation Studios,497740382,1246289580,2020
Inception 4,Warner Bros. Pictures,339740451,1432316481,2023
Avengers 3,Marvel Studios / Walt Disney Studios,683201946,1523419116,2021
Avatar 1,Marvel Studios / Walt Disney Studios,228978282,1983984334,2004
Avengers 1,Marvel Studios / Walt Disney Studios,767374098,1305032820,2009
Titanic 3,20th Century Fox / Paramount Pictures,764002438,1164843218,2015
Titanic 1,20th Century Fox / Paramount Pictures,84638928,1307689842,2020
Titanic 1,20th Century Fox / Paramount Pictures,568757182,2293339917,2005
Frozen 2,Walt Disney Animation Studios,801487932,2170562774,2008
Toy Story 2,Pixar Animation Studios / Walt Disney,588935435,1403944693,2014
Frozen 3,Walt Disney Animation Studios,433426064,1490637647,2004
Joker 2,Warner Bros. Pictures,699128926,2110398359,2017
Joker 4,Warner Bros. Pictures,298844572,404866243,2017
Frozen 2,Walt Disney Animation Studios,629835157,1126427690,2002
Frozen 4,Walt Disney Animation Studios,873782411,1831946540,2023
Avengers: Endgame,Marvel Studios / Walt Disney Studios,820724829,1947224949,2005
Avatar 2,Marvel Studios / Walt Disney Studios,498437082,1748207289,2003
Avatar 2,Marvel Studios / Walt Disney Studios,427214512,1994627359,2019
Toy Story 4,Pixar Animation Studios / Walt Disney,626875412,1346452542,2005
Toy Story 2,Pixar Animation Studios / Walt Disney,864521719,1364402450,2012
Frozen 3,Walt Disney Animation Studios,681623580,1434905658,2008
Avengers 1,Marvel Studios / Walt Disney Studios,312594580,1695648272,2001
Toy Story 2,Pixar Animation Studios / Walt Disney,449838459,2214953442,2000
Frozen 2,Walt Disney Animation Studios,447435155,888128656,1998
Frozen 2,Walt Disney Animation Studios,95189446,1516403079,1997
Toy Story 1,Pixar Animation Studios / Walt Disney,59886303,847089420,2015
Avengers 1,Marvel Studios / Walt Disney Studios,308211242,344024418,2022
Avatar 4,Marvel Studios / Walt Disney Studios,654379747,766174058,2016
Toy Story 4,Pixar Animation Studios / Walt Disney,806638677,2008224641,2008
Titanic 4,20th Century Fox / Paramount Pictures,616798318,1223663479,2006
Interstellar 4,Paramount Pictures / Warner Bros. Pictures,691889975,1210099000,2005
The Dark Knight 3,Warner Bros. Pictures,701742217,1767736407,1996
The Dark Knight 2,Warner Bros. Pictures,397191093,480613383,1998
Inception 3,Warner Bros. Pictures,259125640,2060424921,2000
Interstellar 2,Paramount Pictures / Warner Bros. Pictures,850345139,1430862733,2016
The Dark Knight 3,Warner Bros. Pictures,343398844,1418312211,2020
Joker 4,Warner Bros. Pictures,61246467,577835362,2000
Avengers 2,Marvel Studios / Walt Disney Studios,820539095,1751399749,2023
Frozen 4,Walt Disney Animation Studios,322964104,1145851628,2015
Titanic 4,20th Century Fox / Paramount Pictures,475746725,753514140,2003
The Dark Knight 1,,662159177,2456573877,2011
Avengers 2,Marvel Studios / Walt Disney Studios,178912442,709539071,2012
Interstellar 2,Paramount Pictures / Warner Bros. Pictures,541941748,2310077557,2011
Avengers 3,Marvel Studios / Walt Disney Studios,545404086,1045802274,1996
The Dark Knight 4,Warner Bros. Pictures,351305067,1420648661,2021
Avengers 2,Marvel Studios / Walt Disney Studios,567158377,960829156,2001
Frozen 1,Walt Disney Animation Studios,168840117,1517563944,2001
Toy Story 3,Pixar Animation Studios / Walt Disney,670271494,2594868938,2017
Titanic 3,20th Century Fox / Paramount Pictures,258324536,1612778410,2017
Black Panther 1,Marvel Studios / Walt Disney Studios,687886585,2137501046,2009
Joker 4,Warner Bros. Pictures,831464598,1143980214,2001
Inception 4,Warner Bros. Pictures,52242558,1603275284,2007
Frozen 1,Walt Disney Animation Studios,509420000,1499636332,2020
Frozen 4,Walt Disney Animation Studios,467915836,1546273943,2009
The Dark Knight 3,Warner Bros. Pictures,75906655,222994420,2011
Avengers: Endgame,Marvel Studios / Walt Disney Studios,495981508,838774489,2002
Avatar 2,Marvel Studios / Walt Disney Studios,602645774,1850453108,1995
Toy Story 2,Pixar Animation Studios / Walt Disney,625460394,1180406403,2017
The Dark Knight 3,Warner Bros. Pictures,792206810,2451529424,2022
Joker 4,Warner Bros. Pictures,727585223,1750451634,2018
Toy Story 3,Pixar Animation Studios / Walt Disney,147023749,671675604,2003
Avengers 3,Marvel Studios / Walt Disney Studios,333878779,960625109,1996
Avengers: Endgame,Marvel Studios / Walt Disney Studios,546646640,2468279774,1996
Joker 3,Warner Bros. Pictures,885434093,1965303818,2007
Inception 3,Warner Bros. Pictures,367113227,1770064149,2004
Inception 2,Warner Bros. Pictures,153958207,483119419,2001
Toy Story 3,Pixar Animation Studios / Walt Disney,351145720,1633191293,2016
Inception 2,Warner Bros. Pictures,323963264,1717916368,1998
Black Panther 4,Marvel Studios / Walt Disney Studios,743834371,1287462940,2003
Interstellar 4,Paramount Pictures / Warner Bros. Pictures,212620583,1441662219,2006
Avengers 3,Marvel Studios / Walt Disney Studios,215304714,823922364,2020
Joker 3,Warner Bros. Pictures,765635050,2540195680,1998
Avengers 3,Marvel Studios / Walt Disney Studios,360085351,1476644773,2022
Joker 4,Warner Bros. Pictures,600830908,1144021181,2024
Frozen 1,Walt Disney Animation Studios,669528507,1091486951,2024
Titanic 2,20th Century Fox / Paramount Pictures,816422252,1406314822,2019
Toy Story 1,Pixar Animation Studios / Walt Disney,645382346,664507826,2009
Frozen 3,Walt Disney Animation Studios,500527075,1604317857,2002
Avatar 1,Marvel Studios / Walt Disney Studios,515696522,1692704694,1996
Avengers 2,Marvel Studios / Walt Disney Studios,863799615,2262968266,2006
Toy Story 1,Pixar Animation Studios / Walt Disney,549653527,1433269388,2007
Frozen 2,Walt Disney Animation Studios,766722337,1554097542,2001
The Dark Knight 4,Warner Bros. Pictures,105461893,1680403439,2000
The Dark Knight 4,Warner Bros. Pictures,468243114,1717285846,2004
Titanic 1,20th Century Fox / Paramount Pictures,547573185,1126423365,2016
Interstellar 4,Paramount Pictures / Warner Bros. Pictures,178523672,1380952819,2009
Avengers 1,Marvel Studios / Walt Disney Studios,687162835,2171636774,2024
Avatar 4,Marvel Studios / Walt Disney Studios,252960754,598089074,2018
Interstellar 3,Paramount Pictures / Warner Bros. Pictures,108863532,663448677,2012
Inception 4,Warner Bros. Pictures,428066865,1765699242,2011
The Dark Knight 1,,91076894,1829472907,2018
Toy Story 2,Pixar Animation Studios / Walt Disney,354151422,1511719652,2012
Inception 2,Warner Bros. Pictures,268059585,829400501,1995
Interstellar 1,Paramount Pictures / Warner Bros. Pictures,646417794,2514106445,2003
Toy Story 4,Pixar Animation Studios / Walt Disney,871837594,1021526366,2019
Titanic 1,20th Century Fox / Paramount Pictures,782674984,1812548277,2010
Avengers 2,Marvel Studios / Walt Disney Studios,114795278,1540838039,2001
Interstellar 2,Paramount Pictures / Warner Bros. Pictures,782525167,2109235806,2001
Avengers 1,Marvel Studios / Walt Disney Studios,427535345,833928432,2001
Joker 4,Warner Bros. Pictures,806542153,1341872972,1996
Avengers 1,Marvel Studios / Walt Disney Studios,551165081,825860096,2021
Avengers: Endgame,Marvel Studios / Walt Disney Studios,879851716,962308017,2006
Frozen 2,Walt Disney Animation Studios,170074086,2157321887,2021
Avengers 3,Marvel Studios / Walt Disney Studios,816671601,1750384918,2019
Inception 3,Warner Bros. Pictures,807449504,1947324562,2013
Joker 1,Warner Bros. Pictures,508609982,2030418166,2010
Interstellar 4,Paramount Pictures / Warner Bros. Pictures,100259109,1964286663,2003
Titanic 3,20th Century Fox / Paramount Pictures,833403702,954674693,2004
The Dark Knight 3,Warner Bros. Pictures,318996724,2245561421,2020
Inception 4,Warner Bros. Pictures,807638302,2523883788,1996
Frozen 2,Walt Disney Animation Studios,409634730,512721425,2016
Joker 2,Warner Bros. Pictures,785863292,1465019091,2006
Black Panther 1,Marvel Studios / Walt Disney Studios,487866802,766403476,2024
Titanic 1,20th Century Fox / Paramount Pictures,209608737,1895147484,2009
Inception 4,Warner Bros. Pictures,612381235,1815578163,2019
Avengers 1,Marvel Studios / Walt Disney Studios,508951735,1361882661,2018
Joker 1,Warner Bros. Pictures,350141016,1230030887,2020
Joker 3,Warner Bros. Pictures,184453332,364041014,2008
Titanic 4,20th Century Fox / Paramount Pictures,755367022,1136317635,2011
Interstellar 4,Paramount Pictures / Warner Bros. Pictures,145110528,867649901,2007
Black Panther 2,Marvel Studios / Walt Disney Studios,441506456,2336526137,1996
The Dark Knight 3,Warner Bros. Pictures,457394365,1496416527,1997
Interstellar 1,Paramount Pictures / Warner Bros. Pictures,309258584,1789701979,2004
Interstellar 3,Paramount Pictures / Warner Bros. Pictures,122921020,1275876015,2021
Inception 3,Warner Bros. Pictures,623580820,1281166543,2014
The Dark Knight 1,,198375297,1234263209,2020
Black Panther 3,Marvel Studios / Walt Disney Studios,580520099,1415138162,2013
Frozen 1,Walt Disney Animation Studios,744866697,1965356208,2020
Avengers: Endgame,Marvel Studios / Walt Disney Studios,511025488,1486436529,2009
Avatar 3,Marvel Studios / Walt Disney Studios,511778931,927086096,1996
Black Panther 1,Marvel Studios / Walt Disney Studios,286011980,1480254167,2003
Frozen 2,Walt Disney Animation Studios,215796240,1550969537,2019
Titanic 3,20th Century Fox / Paramount Pictures,449460499,825000907,2007
Avatar 2,Marvel Studios / Walt Disney Studios,127952184,748774493,2000
Toy Story 1,Pixar Animation Studios / Walt Disney,735319401,910239187,2020
Black Panther 2,Marvel Studios / Walt Disney Studios,327651645,660602526,2010
Titanic 4,20th Century Fox / Paramount Pictures,608596307,951920786,2011
Titanic 4,20th Century Fox / Paramount Pictures,298485226,1540532026,2002
The Dark Knight 4,Warner Bros. Pictures,319703355,628400203,2011
Titanic 3,20th Century Fox / Paramount Pictures,299843762,1434782343,2009
Titanic 1,20th Century Fox / Paramount Pictures,845595422,1442415528,2007
Titanic 1,20th Century Fox / Paramount Pictures,123585983,1996537487,2012
Toy Story 1,Pixar Animation Studios / Walt Disney,311515800,1480082735,2002
Titanic 3,20th Century Fox / Paramount Pictures,460640050,1631536186,2014
Avatar 2,Marvel Studios / Walt Disney Studios,70046141,1442019236,2016
Joker 2,Warner Bros. Pictures,439156354,715922308,2010
Titanic 4,20th Century Fox / Paramount Pictures,611919851,2125056142,2002
Avatar 1,Marvel Studios / Walt Disney Studios,207629240,436414876,2024
Titanic 1,20th Century Fox / Paramount Pictures,376076035,648368017,2024
The Dark Knight 3,Warner Bros. Pictures,847371634,2582415109,1998
Frozen 3,Walt Disney Animation Studios,616133194,1668084151,1995
Black Panther 2,Marvel Studios / Walt Disney Studios,763079981,2755259311,2007
Frozen 2,Walt Disney Animation Studios,589680391,1766104017,2024
Toy Story 2,Pixar Animation Studios / Walt Disney,555812758,685903560,2003
Frozen 4,Walt Disney Animation Studios,370764282,729553714,2014
Titanic 2,20th Century Fox / Paramount Pictures,639785436,1734685330,2013
The Dark Knight 4,Warner Bros. Pictures,361515755,1132461615,1997
Inception 3,Warner Bros. Pictures,272229379,854026866,1998
Inception 4,Warner Bros. Pictures,507635190,661475590,2022
Frozen 4,Walt Disney Animation Studios,840759382,954330374,2014
Avatar 2,Marvel Studios / Walt Disney Studios,313845792,507031124,1998
Frozen 2,Walt Disney Animation Studios,105615847,636181038,2013
Titanic 1,20th Century Fox / Paramount Pictures,654453977,2469061554,2011
Titanic 1,20th Century Fox / Paramount Pictures,202210392,1906255925,2024
Joker 1,Warner Bros. Pictures,440837778,1919635784,2021
Toy Story 1,Pixar Animation Studios / Walt Disney,562570518,1011484106,2004
Frozen 3,Walt Disney Animation Studios,867200978,1733257769,1996
Inception 1,Warner Bros. Pictures,73712591,746220772,2018
The Dark Knight 3,Warner Bros. Pictures,736276546,755184063,2023
Toy Story 2,Pixar Animation Studios / Walt Disney,310172046,2257068926,1999
Frozen 1,Walt Disney Animation Studios,393207606,941020609,2010
Toy Story 1,Pixar Animation Studios / Walt Disney,772554643,994456728,2014
Interstellar 4,Paramount Pictures / Warner Bros. Pictures,413858951,855634003,2008
The Dark Knight 1,,288944721,1383901350,2011
Joker 1,Warner Bros. Pictures,367137164,1871395765,1997
Inception 2,Warner Bros. Pictures,374206308,1546050998,2009
The Dark Knight 4,Warner Bros. Pictures,299516730,2040623532,2016
Black Panther 1,Marvel Studios / Walt Disney Studios,434837792,1101571876,2020
Joker 2,Warner Bros. Pictures,835229362,2294411987,2000
The Dark Knight 3,Warner Bros. Pictures,594178100,2237191707,2006
The Dark Knight 2,Warner Bros. Pictures,406717140,1302316718,2005
Frozen 1,Walt Disney Animation Studios,115955094,834084039,2009
Frozen 4,Walt Disney Animation Studios,730898372,2298832635,2017
Joker 1,Warner Bros. Pictures,264771472,1064139616,2021
Avatar 1,Marvel Studios / Walt Disney Studios,313935915,1868227413,2021
Avatar 3,Marvel Studios / Walt Disney Studios,219066192,1528602640,2003
Titanic 2,20th Century Fox / Paramount Pictures,242723306,1349673088,2022
Frozen 1,Walt Disney Animation Studios,875334817,2730512256,2020
Inception 4,Warner Bros. Pictures,640781979,2041731359,2017
Black Panther 2,Marvel Studios / Walt Disney Studios,578727323,1021079297,2002
Avatar 1,Marvel Studios / Walt Disney Studios,403732836,1546765556,2024
Frozen 4,Walt Disney Animation Studios,619715486,2067705098,2023
Toy Story 1,Pixar Animation Studios / Walt Disney,381899232,1367445468,2014
The Dark Knight 3,Warner Bros. Pictures,73756876,1762782240,2024
Interstellar 1,Paramount Pictures / Warner Bros. Pictures,279473506,1861632628,2008
Avengers 1,Marvel Studios / Walt Disney Studios,413155388,881102528,2004
Interstellar 3,Paramount Pictures / Warner Bros. Pictures,126188831,1473381927,2012
Inception 2,Warner Bros. Pictures,555364572,1879161429,2018
Avatar 3,Marvel Studios / Walt Disney Studios,869953893,933969699,2017
Avengers: Endgame,Marvel Studios / Walt Disney Studios,87286389,897070492,2008
Inception 4,Warner Bros. Pictures,345356645,418619393,2016
Avatar 1,Marvel Studios / Walt Disney Studios,855490349,2294523825,2022
Avengers: Endgame,Marvel Studios / Walt Disney Studios,729148369,1994579319,2019
Titanic 4,20th Century Fox / Paramount Pictures,723563726,2641895076,2012
Interstellar 3,Paramount Pictures / Warner Bros. Pictures,716349069,2614988079,2010
Toy Story 3,Pixar Animation Studios / Walt Disney,328427140,660572923,2004
Avatar 4,Marvel Studios / Walt Disney Studios,238034422,2056605828,2015
Toy Story 2,Pixar Animation Studios / Walt Disney,812324479,1066335305,2003
Avengers 2,Marvel Studios / Walt Disney Studios,135797111,1812458357,2013
Avengers 2,Marvel Studios / Walt Disney Studios,182467393,1359210856,2016
Interstellar 2,Paramount Pictures / Warner Bros. Pictures,462504737,1727251952,2019
Inception 3,Warner Bros. Pictures,351611513,1757764884,2019
Avatar 1,Marvel Studios / Walt Disney Studios,317871067,2077631899,2010
The Dark Knight 3,Warner Bros. Pictures,117964070,1829937022,2002
Black Panther 3,Marvel Studios / Walt Disney Studios,398054337,469508831,1997
Inception 2,Warner Bros. Pictures,115404700,1438536096,2019
Avengers 3,Marvel Studios / Walt Disney Studios,362137337,1630606700,2019
Avatar 2,Marvel Studios / Walt Disney Studios,66792869,244059582,2011
Interstellar 4,Paramount Pictures / Warner Bros. Pictures,674723537,771061996,2009
The Dark Knight 3,Warner Bros. Pictures,883063045,1843270576,2002
Inception 1,Warner Bros. Pictures,180652267,1286889934,1996
Toy Story 2,Pixar Animation Studios / Walt Disney,288590761,1790551645,2000
Titanic 4,20th Century Fox / Paramount Pictures,370056796,721240329,2018
The Dark Knight 1,,73538593,1474317889,2016
Frozen 3,Walt Disney Animation Studios,544056407,1477620140,2016
Titanic 4,20th Century Fox / Paramount Pictures,746819330,1281047256,2019
The Dark Knight 1,,467219336,655177277,2001
Avatar 1,Marvel Studios / Walt Disney Studios,431791198,1260350694,2024
Toy Story 2,Pixar Animation Studios / Walt Disney,300985631,426550403,2005
Avatar 2,Marvel Studios / Walt Disney Studios,822028521,1667317220,2017
Toy Story 1,Pixar Animation Studios / Walt Disney,117376799,746695014,1997
Toy Story 4,Pixar Animation Studios / Walt Disney,121938529,422261704,2008
Titanic 4,20th Century Fox / Paramount Pictures,419101902,686570586,2021
Avatar 3,Marvel Studios / Walt Disney Studios,748713282,2359257410,2013
Titanic 2,20th Century Fox / Paramount Pictures,72176757,632682432,2012
Frozen 3,Walt Disney Animation Studios,358990057,1339649703,1996
Inception 3,Warner Bros. Pictures,119363032,1677704872,2018
Titanic 3,20th Century Fox / Paramount Pictures,491118103,1140554053,2021
Frozen 1,Walt Disney Animation Studios,289088317,498564929,2006
The Dark Knight 2,Warner Bros. Pictures,380649641,912399432,2022
Avatar 4,Marvel Studios / Walt Disney Studios,734838157,1895639967,2011
Titanic 2,20th Century Fox / Paramount Pictures,314947230,513056046,2021
Joker 1,Warner Bros. Pictures,397733239,937567708,1995
Toy Story 2,Pixar Animation Studios / Walt Disney,575900787,2047267412,2003
Titanic 3,20th Century Fox / Paramount Pictures,348074355,1952792751,2024
Black Panther 4,Marvel Studios / Walt Disney Studios,331524344,1834350061,1996
Frozen 1,Walt Disney Animation Studios,490731957,1592628109,2004
Avengers 3,Marvel Studios / Walt Disney Studios,73047188,1988883706,2007
Titanic 2,20th Century Fox / Paramount Pictures,537747073,2327247259,2003
Frozen 1,Walt Disney Animation Studios,462816252,1583947375,2005
Avengers 1,Marvel Studios / Walt Disney Studios,692430026,1149294209,2021
Interstellar 3,Paramount Pictures / Warner Bros. Pictures,853684242,1484039120,2008
Toy Story 4,Pixar Animation Studios / Walt Disney,216690716,1933449378,1998
Inception 2,Warner Bros. Pictures,139477416,615263666,2000
Frozen 2,Walt Disney Animation Studios,164486191,1765979424,2003
Titanic 3,20th Century Fox / Paramount Pictures,405759762,1845478797,1996
Titanic 3,20th Century Fox / Paramount Pictures,616429702,1461377219,2003
The Dark Knight 4,Warner Bros. Pictures,346887993,1410645144,2015
The Dark Knight 2,Warner Bros. Pictures,798304711,1869195388,2017
Avengers 3,Marvel Studios / Walt Disney Studios,739003854,2097205324,2008
Avengers 3,Marvel Studios / Walt Disney Studios,837001136,2803425594,1997
Joker 4,Warner Bros. Pictures,227719241,641830223,2002
Toy Story 4,Pixar Animation Studios / Walt Disney,507307298,2396231261,2007
Interstellar 2,Paramount Pictures / Warner Bros. Pictures,712518911,1055050027,2019
Avengers: Endgame,Marvel Studios / Walt Disney Studios,862421657,1215260558,2019
Toy Story 2,Pixar Animation Studios / Walt Disney,370611399,1065029640,1999
Titanic 4,20th Century Fox / Paramount Pictures,747376582,1045815231,2002
Titanic 2,20th Century Fox / Paramount Pictures,161879618,1278219457,2015
Toy Story 4,Pixar Animation Studios / Walt Disney,368586118,1429474706,2012
Inception 2,Warner Bros. Pictures,783446183,1040630162,2000
Avatar 4,Marvel Studios / Walt Disney Studios,466491624,1906137978,2013
Interstellar 3,Paramount Pictures / Warner Bros. Pictures,207929591,2121934491,2013
Avatar 3,Marvel Studios / Walt Disney Studios,551701594,982861150,2017
Avatar 1,Marvel Studios / Walt Disney Studios,355840194,1345896201,1997
Toy Story 2,Pixar Animation Studios / Walt Disney,555126030,735971667,2017
Avengers 1,Marvel Studios / Walt Disney Studios,335969419,1850249508,2017
Avatar 4,Marvel Studios / Walt Disney Studios,898989474,1492648311,2004
Interstellar 4,Paramount Pictures / Warner Bros. Pictures,872963362,2212639313,2011
Titanic 3,20th Century Fox / Paramount Pictures,855259827,2185664321,2006
Avatar 4,Marvel Studios / Walt Disney Studios,498400054,2371610853,1995
Frozen 4,Walt Disney Animation Studios,571206296,1714012097,2018
Frozen 4,Walt Disney Animation Studios,733329634,2102890978,2005
The Dark Knight 1,,432384492,1071696967,2010
Inception 1,Warner Bros. Pictures,573631288,719176285,2024
Black Panther 2,Marvel Studios / Walt Disney Studios,714993458,849823558,1999
Toy Story 1,Pixar Animation Studios / Walt Disney,110359342,179873753,2011
Inception 1,Warner Bros. Pictures,809618402,1214898036,2023
Joker 2,Warner Bros. Pictures,621487615,2465818516,1998
